source,target,value
12ib7dApVFvg82TXKycWBNpN8kFyiAN1dr,BTC Exchange,1.1023045999999999
BTC Exchange,3EMVdMehEq5SFipQ5UfbsfMsH223sSz9A9,50.4552694
3FiMKffg2kY2Pi2Kebn2HZqN7m6kEcNUMk,BTC Exchange,0.23010789999999998
BTC Exchange,3H5JTt42K7RmZtromfTSefcMEFMMe18pMD,1109.3993
BTC Exchange,3H5JTt42K7RmZtromfTSefcMEFMMe18pMD,843.6520999999999
BTC Exchange,16rHb8gSWsywJLX37wq7SRJqe63uUj2dFv,84.6076
BTC Exchange,3H5JTt42K7RmZtromfTSefcMEFMMe18pMD,1121.4433
BTC Exchange,3H5JTt42K7RmZtromfTSefcMEFMMe18pMD,1708.2866
16rHb8gSWsywJLX37wq7SRJqe63uUj2dFv,BTC Exchange,2000.0
BTC Exchange,3H5JTt42K7RmZtromfTSefcMEFMMe18pMD,2226.0007
BTC Exchange,12tkqA9xSoowkzoERHMWNKsTey55YEBqkv,8.8121329
BTC Exchange,3FdFFJRqvBWKEjFqkZhxuGbN9HNUVAfLqF,253.655219
BTC Exchange,3FdFFJRqvBWKEjFqkZhxuGbN9HNUVAfLqF,503.3496022
BTC Exchange,3H5JTt42K7RmZtromfTSefcMEFMMe18pMD,2154.667818
BTC Exchange,3H5JTt42K7RmZtromfTSefcMEFMMe18pMD,1622.508951
BTC Exchange,14q2eU3FHbxvi9jLcRwVhrBUBDK4C1nFZ4,650.0
BTC Exchange,1DTBF2ooVxKTni2McYwXujbNv6wRvjP9ms,867.55492617
BTC Exchange,3H5JTt42K7RmZtromfTSefcMEFMMe18pMD,2114.13694144
BTC Exchange,3H5JTt42K7RmZtromfTSefcMEFMMe18pMD,926.7153231000001
BTC Exchange,3H5JTt42K7RmZtromfTSefcMEFMMe18pMD,1256.216402
16rHb8gSWsywJLX37wq7SRJqe63uUj2dFv,BTC Exchange,750.0
BTC Exchange,3H5JTt42K7RmZtromfTSefcMEFMMe18pMD,951.9679470000001
1LdRcdxfbSnmCYYNdeYpUnztiYzVfBEQeC,BTC Exchange,0.01579768
BTC Exchange,1LRAJB1Jb2U36ErCUgZrowGKWvZVqqttUw,883.8845676400002
BTC Exchange,1DTBF2ooVxKTni2McYwXujbNv6wRvjP9ms,309.917596
3Fr1mGhnPAQ9YDf1dzg4B47PkX5TuvFtYv,BTC Exchange,1.0
3Fr1mGhnPAQ9YDf1dzg4B47PkX5TuvFtYv,BTC Exchange,700.4722
1PnZrjuLngJ4Fszu5DY5ATHyAeNgT2FRvY,BTC Exchange,1500.0
BTC Exchange,16rHb8gSWsywJLX37wq7SRJqe63uUj2dFv,781.499441
BTC Exchange,19pnUzv5KHALEu3DRpyHogT6N3BeHbqJrS,15.500028690000004
1DTBF2ooVxKTni2McYwXujbNv6wRvjP9ms,BTC Exchange,800.0
BTC Exchange,16rHb8gSWsywJLX37wq7SRJqe63uUj2dFv,1782.883194
BTC Exchange,1P7Adczd3ikxfCzTGtZBAYNLS1pxoTnZPW,30.9997506
BTC Exchange,16rHb8gSWsywJLX37wq7SRJqe63uUj2dFv,1270.0752
BTC Exchange,16rHb8gSWsywJLX37wq7SRJqe63uUj2dFv,2472.08243
BTC Exchange,1P7Adczd3ikxfCzTGtZBAYNLS1pxoTnZPW,29.3409362
BTC Exchange,1P7Adczd3ikxfCzTGtZBAYNLS1pxoTnZPW,23.02652811
BTC Exchange,1P7Adczd3ikxfCzTGtZBAYNLS1pxoTnZPW,34.650481909999996
BTC Exchange,1P7Adczd3ikxfCzTGtZBAYNLS1pxoTnZPW,50.545863579999995
BTC Exchange,1P7Adczd3ikxfCzTGtZBAYNLS1pxoTnZPW,25.97494312
BTC Exchange,1P7Adczd3ikxfCzTGtZBAYNLS1pxoTnZPW,27.70712244000001
BTC Exchange,1P7Adczd3ikxfCzTGtZBAYNLS1pxoTnZPW,28.501569579999998
BTC Exchange,3LYJfcfHPXYJreMsASk2jkn69LWEYKzexb,45492.953
BTC Exchange,3LYJfcfHPXYJreMsASk2jkn69LWEYKzexb,50.89456655000001
BTC Exchange,16rHb8gSWsywJLX37wq7SRJqe63uUj2dFv,1545.1739
16rHb8gSWsywJLX37wq7SRJqe63uUj2dFv,BTC Exchange,750.0
3L9hddHJMnpE1qzofQ2TSvMiiMf5ejX1Yw,BTC Exchange,30.0
BTC Exchange,3FdFFJRqvBWKEjFqkZhxuGbN9HNUVAfLqF,554.999588
1P7Adczd3ikxfCzTGtZBAYNLS1pxoTnZPW,BTC Exchange,4.19649347
1PeizMg76Cf96nUQrYg8xuoZWLQozU5zGW,BTC Exchange,0.039446640000000005
BTC Exchange,13U65BuSk5ijEu3k8EEiDrGyCmyCoRxYfy,3038.499355
BTC Exchange,15eAzNW4UKSSjyCSTgMN5RywagUqk3wfAL,3069.35525
BTC Exchange,16rF2zwSJ9goQ9fZfYoti5LsUqqegb5RnA,3195.62517
BTC Exchange,1AumBaQDRaCC3cKKQVRHeyvoSPWNdDzsKP,3003.1439593
BTC Exchange,1DnHx95d2t5URq2SYvVk6kxGryvTEbTnTs,3219.73207
BTC Exchange,1EmpiXwB8TsDZsFhgmbatzFPqPoGz9mLhG,3045.408802
BTC Exchange,1HW8JWv88cBFcExStGwsf2KwMcVJBG8ioX,3010.127939
BTC Exchange,1LuXAjLWwxmv4BNd1RaZmsV7ABBFbV9qQf,3037.8355341
1P7Adczd3ikxfCzTGtZBAYNLS1pxoTnZPW,BTC Exchange,0.6198321999999999
BTC Exchange,1P7Adczd3ikxfCzTGtZBAYNLS1pxoTnZPW,9.01801143
BTC Exchange,1P7Adczd3ikxfCzTGtZBAYNLS1pxoTnZPW,6.02422995
BTC Exchange,3FdFFJRqvBWKEjFqkZhxuGbN9HNUVAfLqF,330.14829984
BTC Exchange,1HJDQbLauXEkzsTujzw5PaAqbcDCBeLiq1,0.7380000000000001
BTC Exchange,1J3B2ucUpWjWPPpejUCoLN93Gwz3q65CTd,0.7380000000000001
BTC Exchange,1MPsPzkBK3w8J6CJyAFUkoiSaxTqWRabsk,0.7380000000000001
BTC Exchange,3FdFFJRqvBWKEjFqkZhxuGbN9HNUVAfLqF,236.632547
BTC Exchange,1FTvwrv3zDfF6JnWEukYN1BKQkd3W56ew1,923.5733305099996
BTC Exchange,3FdFFJRqvBWKEjFqkZhxuGbN9HNUVAfLqF,99.9999485
16rHb8gSWsywJLX37wq7SRJqe63uUj2dFv,BTC Exchange,750.0
BTC Exchange,1MDq7zyLw6oKichbFiDDZ3aaK59byc6CT8,906.5656
1FqM3gyBgLxBrvg6Kx1R33Qs8jsLRGprgf,BTC Exchange,0.1995
1gtmmzwhqUzhb8XoShHwgyrzbJwdZ47ok,BTC Exchange,100.0
BTC Exchange,13rCGm4Z3PDeYwo5a7GTT4jFYnRFBZbKr1,3020.272915
BTC Exchange,14kHu26yWkVD8qAnBfcFXHXxgquNoSpKum,3248.38855
BTC Exchange,18QUDxjDZAqAJorr4jkSEWHUDGLBF9uRCc,3194.16078
385cR5DM96n1HvBDMzLHPYcw89fZAXULJP,BTC Exchange,1000.0
16rHb8gSWsywJLX37wq7SRJqe63uUj2dFv,BTC Exchange,1500.0
1gtmmzwhqUzhb8XoShHwgyrzbJwdZ47ok,BTC Exchange,70.0
BTC Exchange,1EDRfeNkjkH2SAhSbEKzhKuabnEbVWbKEp,4012.1732517
BTC Exchange,1Hyh53PULY6Jyq5LPAJ4CHjgzEbVaqy7KU,1964.9986213
BTC Exchange,1MDq7zyLw6oKichbFiDDZ3aaK59byc6CT8,543.827194
BTC Exchange,31i92LvmPTvBqi1F6wu81Ex1bUMMs143d6,0.10119344000000001
16rHb8gSWsywJLX37wq7SRJqe63uUj2dFv,BTC Exchange,500.0
BTC Exchange,1Hyh53PULY6Jyq5LPAJ4CHjgzEbVaqy7KU,1704.999381
385cR5DM96n1HvBDMzLHPYcw89fZAXULJP,BTC Exchange,1000.0
BTC Exchange,1Hyh53PULY6Jyq5LPAJ4CHjgzEbVaqy7KU,1254.9995683
1Cb1G5qFK91fShyaPPZWVFwYFBtqRG7h8D,BTC Exchange,676.4442300000001
BTC Exchange,1Cb1G5qFK91fShyaPPZWVFwYFBtqRG7h8D,33.570547499999996
BTC Exchange,1Hyh53PULY6Jyq5LPAJ4CHjgzEbVaqy7KU,745.8254636
1Cb1G5qFK91fShyaPPZWVFwYFBtqRG7h8D,BTC Exchange,510.01967
1Cb1G5qFK91fShyaPPZWVFwYFBtqRG7h8D,BTC Exchange,411.36773996
BTC Exchange,1Cb1G5qFK91fShyaPPZWVFwYFBtqRG7h8D,278.202037
1gtmmzwhqUzhb8XoShHwgyrzbJwdZ47ok,BTC Exchange,50.0
385cR5DM96n1HvBDMzLHPYcw89fZAXULJP,BTC Exchange,1500.0
3FiMKffg2kY2Pi2Kebn2HZqN7m6kEcNUMk,BTC Exchange,300.0
1gtmmzwhqUzhb8XoShHwgyrzbJwdZ47ok,BTC Exchange,100.0
BTC Exchange,1Cr7EjvS8C7gfarREHCvFhd9gT3r46pfLb,4500.0
BTC Exchange,31i92LvmPTvBqi1F6wu81Ex1bUMMs143d6,5098.320740300001
13n67sFKgqLDKp8gx8Xvm6scdfY4ZeaU8p,BTC Exchange,600.0
385cR5DM96n1HvBDMzLHPYcw89fZAXULJP,BTC Exchange,2000.0
385cR5DM96n1HvBDMzLHPYcw89fZAXULJP,BTC Exchange,48671.0
BTC Exchange,12qTdZHx6f77aQ74CPCZGSY47VaRwYjVD8,1.18879442
BTC Exchange,15N6mfdU3wn9TubMzFrvJyKN2vXiUmQGjb,1.010056
BTC Exchange,1LXzGrDQqKqVBqxfGDUyhC6rTRBN5s8Sbj,1.010056
BTC Exchange,1NVuvqYpZPnWSd5Fvx15dq6u39ongzxLL2,1.010056
BTC Exchange,1FishZMR2YSmussTBMCPirja83C3d3CCTX,67.15043641000001
1Cb1G5qFK91fShyaPPZWVFwYFBtqRG7h8D,BTC Exchange,301.4687755
BTC Exchange,1Cb1G5qFK91fShyaPPZWVFwYFBtqRG7h8D,2.0700176
1Cb1G5qFK91fShyaPPZWVFwYFBtqRG7h8D,BTC Exchange,330.71104
BTC Exchange,14YN9Zsx4H8DXUoK2XfRvjuanfjK1RrkHz,1422.9991192999998
BTC Exchange,14YN9Zsx4H8DXUoK2XfRvjuanfjK1RrkHz,300.22064242
BTC Exchange,14YN9Zsx4H8DXUoK2XfRvjuanfjK1RrkHz,429.999899
BTC Exchange,1C1bbDApniTd7DtUodpr3ayXxVtcHvwWgx,1048.999584
BTC Exchange,1FishZMR2YSmussTBMCPirja83C3d3CCTX,35.6025246
BTC Exchange,1FishZMR2YSmussTBMCPirja83C3d3CCTX,122.29035016999995
BTC Exchange,1C1bbDApniTd7DtUodpr3ayXxVtcHvwWgx,1043.999587
BTC Exchange,1C1bbDApniTd7DtUodpr3ayXxVtcHvwWgx,362.9999413
BTC Exchange,3FdFFJRqvBWKEjFqkZhxuGbN9HNUVAfLqF,700.508645
BTC Exchange,3FdFFJRqvBWKEjFqkZhxuGbN9HNUVAfLqF,352.99988449999995
BTC Exchange,1LyTftu54VMYCv5pq3S4pMzPRMnsYKTESw,107.564027
BTC Exchange,1LyTftu54VMYCv5pq3S4pMzPRMnsYKTESw,40.31249578
1LyTftu54VMYCv5pq3S4pMzPRMnsYKTESw,BTC Exchange,7.0456023000000005
BTC Exchange,1LyTftu54VMYCv5pq3S4pMzPRMnsYKTESw,176.99997
1LyTftu54VMYCv5pq3S4pMzPRMnsYKTESw,BTC Exchange,61.738890000000005
385cR5DM96n1HvBDMzLHPYcw89fZAXULJP,BTC Exchange,1000.0
BTC Exchange,1LyTftu54VMYCv5pq3S4pMzPRMnsYKTESw,40.473093
1LyTftu54VMYCv5pq3S4pMzPRMnsYKTESw,BTC Exchange,452.77727
BTC Exchange,1LyTftu54VMYCv5pq3S4pMzPRMnsYKTESw,42.876324
BTC Exchange,1P7Adczd3ikxfCzTGtZBAYNLS1pxoTnZPW,221.58798
1LyTftu54VMYCv5pq3S4pMzPRMnsYKTESw,BTC Exchange,300.0
BTC Exchange,1LyTftu54VMYCv5pq3S4pMzPRMnsYKTESw,7.475865400000001
BTC Exchange,14zukxqLuLXg5kqZYRB1Q3Audec3NtxJPW,300.0
BTC Exchange,1LyTftu54VMYCv5pq3S4pMzPRMnsYKTESw,124.99994
BTC Exchange,14zukxqLuLXg5kqZYRB1Q3Audec3NtxJPW,378.886802
385cR5DM96n1HvBDMzLHPYcw89fZAXULJP,BTC Exchange,1000.0
BTC Exchange,14zukxqLuLXg5kqZYRB1Q3Audec3NtxJPW,1542.42096
BTC Exchange,1FY6RL8Ju9b6CGsHTK68yYEcnzUasufyCe,3152.47775
BTC Exchange,bc1qgdjqv0av3q56jvd82tkdjpy7gdp9ut8tlqmgrpmv24sq90ecnvqqjwvw97,47000.0
385cR5DM96n1HvBDMzLHPYcw89fZAXULJP,BTC Exchange,1000.0
BTC Exchange,1LdRcdxfbSnmCYYNdeYpUnztiYzVfBEQeC,0.43060098
385cR5DM96n1HvBDMzLHPYcw89fZAXULJP,BTC Exchange,1832.0
bc1qgdjqv0av3q56jvd82tkdjpy7gdp9ut8tlqmgrpmv24sq90ecnvqqjwvw97,BTC Exchange,6000.0
1JeTiSWo8pYWcNaTH4c3CfheAwVDYRoy1Q,BTC Exchange,308.84083999999996
385cR5DM96n1HvBDMzLHPYcw89fZAXULJP,BTC Exchange,500.0
1JeTiSWo8pYWcNaTH4c3CfheAwVDYRoy1Q,BTC Exchange,69.40275600000001
1JeTiSWo8pYWcNaTH4c3CfheAwVDYRoy1Q,BTC Exchange,500.707726
BTC Exchange,1CE8chGD6Nu8qjcDF2uR1wMKyoWb8Kyxwz,3002.7887676
BTC Exchange,1JeTiSWo8pYWcNaTH4c3CfheAwVDYRoy1Q,197.99991
BTC Exchange,1MbNM3jwxMjRzeA9xyHbMyePN68MY4Jxb,3414.251965
1JeTiSWo8pYWcNaTH4c3CfheAwVDYRoy1Q,BTC Exchange,251.10482199999998
BTC Exchange,1JeTiSWo8pYWcNaTH4c3CfheAwVDYRoy1Q,277.09276
BTC Exchange,1MDq7zyLw6oKichbFiDDZ3aaK59byc6CT8,1078.07718
BTC Exchange,1MDq7zyLw6oKichbFiDDZ3aaK59byc6CT8,1041.331947
BTC Exchange,1MDq7zyLw6oKichbFiDDZ3aaK59byc6CT8,1529.499119
14ACC7ftHQS6guKJi3FCTEyCw94dHnRZjJ,BTC Exchange,400.0
bc1qgdjqv0av3q56jvd82tkdjpy7gdp9ut8tlqmgrpmv24sq90ecnvqqjwvw97,BTC Exchange,15000.0
13TM7PLtf1Ujo9t9pk9RSyrv1ts119PNK5,BTC Exchange,229.907894
14ACC7ftHQS6guKJi3FCTEyCw94dHnRZjJ,BTC Exchange,3950.0024160000003
385VzfGx8gi89AccnhMynEx7cWWVLREXW6,BTC Exchange,40.0
BTC Exchange,13TM7PLtf1Ujo9t9pk9RSyrv1ts119PNK5,427.17141799999996
BTC Exchange,14ACC7ftHQS6guKJi3FCTEyCw94dHnRZjJ,2762.0657049999995
BTC Exchange,1FishZMR2YSmussTBMCPirja83C3d3CCTX,650.0
13TM7PLtf1Ujo9t9pk9RSyrv1ts119PNK5,BTC Exchange,2459.199321
1BcAtWddaU1jHWgQvM7dpM5SefoVgUHEuC,BTC Exchange,2515.2893160000003
BTC Exchange,13TM7PLtf1Ujo9t9pk9RSyrv1ts119PNK5,1449.5170919999996
BTC Exchange,1BcAtWddaU1jHWgQvM7dpM5SefoVgUHEuC,2052.7705242
BTC Exchange,1EUgoa25tkqMUYh7PXzDfqqNP5PtHKZmct,5189.88157032
17wADqWPK8wZfpRmPkauviq2VDBmhm82rM,BTC Exchange,2410.92132
BTC Exchange,17wADqWPK8wZfpRmPkauviq2VDBmhm82rM,559.2697984
BTC Exchange,1EUgoa25tkqMUYh7PXzDfqqNP5PtHKZmct,574.67642
17wADqWPK8wZfpRmPkauviq2VDBmhm82rM,BTC Exchange,1098.776962
BTC Exchange,17wADqWPK8wZfpRmPkauviq2VDBmhm82rM,99.87977649999999
1CsAkAsjTTRAuRw39fRQj7pxKn3fjEuYsT,BTC Exchange,1154.17450656
BTC Exchange,1CsAkAsjTTRAuRw39fRQj7pxKn3fjEuYsT,2169.92952048
BTC Exchange,1FishZMR2YSmussTBMCPirja83C3d3CCTX,200.0
BTC Exchange,1CsAkAsjTTRAuRw39fRQj7pxKn3fjEuYsT,53.9861612
1BnwG7S6J3Rj7Pg68VdjAJEqoEr3GYzM6W,BTC Exchange,4.571028299999999
BTC Exchange,17nLZX3RrPZJrGaG2YrngPR6TBXKsxeczT,3.20994499
BTC Exchange,17sybmVbrihr7GwjZ7bBaKsECnaq9GqPvk,1.5874798899999998
BTC Exchange,1E48nLcPqreDQeVacGp3DCtntzAUEQDGfm,518.02655401
BTC Exchange,1GJuHSLW59oqBAbDEXpBRSnHdwS8yaksQZ,0.08991768
BTC Exchange,1K8BSkYDosEdzWhV27fLjcqkuYTeazuvsv,3.20994499
BTC Exchange,1Lixqm3v6TSuZska8xNMcBSFbfizUnuHNL,3.20994499
BTC Exchange,1M1WMEzrtYn5SFa7DkixAkaA4AyJ3kYrLY,3.20994499
31k2z8HocUWMCMXBkXREPiXNgK2fB3iLwo,BTC Exchange,0.11121400000000001
BTC Exchange,17sybmVbrihr7GwjZ7bBaKsECnaq9GqPvk,499.99183106000004
BTC Exchange,1BnwG7S6J3Rj7Pg68VdjAJEqoEr3GYzM6W,503.4808512
1aXzEKiDJKzkPxTZy9zGc3y1nCDwDPub2,BTC Exchange,3.092
bc1qltscvfhgvrq72qvhu08t3yytc4wmelzwzdgr0g,BTC Exchange,1.3995
BTC Exchange,17nLZX3RrPZJrGaG2YrngPR6TBXKsxeczT,499.98
BTC Exchange,1GJuHSLW59oqBAbDEXpBRSnHdwS8yaksQZ,499.983
BTC Exchange,1K8BSkYDosEdzWhV27fLjcqkuYTeazuvsv,500.096721
BTC Exchange,1Lixqm3v6TSuZska8xNMcBSFbfizUnuHNL,501.38710956999995
BTC Exchange,1M1WMEzrtYn5SFa7DkixAkaA4AyJ3kYrLY,512.9829073000001
BTC Exchange,1E48nLcPqreDQeVacGp3DCtntzAUEQDGfm,1500.0
BTC Exchange,1DTBF2ooVxKTni2McYwXujbNv6wRvjP9ms,530.01
BTC Exchange,1E48nLcPqreDQeVacGp3DCtntzAUEQDGfm,3000.69930828
12tkqA9xSoowkzoERHMWNKsTey55YEBqkv,BTC Exchange,0.02956992
BTC Exchange,17sybmVbrihr7GwjZ7bBaKsECnaq9GqPvk,500.0
BTC Exchange,1BnwG7S6J3Rj7Pg68VdjAJEqoEr3GYzM6W,1000.0
BTC Exchange,17sybmVbrihr7GwjZ7bBaKsECnaq9GqPvk,4000.0
BTC Exchange,1BnwG7S6J3Rj7Pg68VdjAJEqoEr3GYzM6W,3500.9989892700005
BTC Exchange,1GJuHSLW59oqBAbDEXpBRSnHdwS8yaksQZ,3500.05
BTC Exchange,18agaV9WL6JUq83657mQNCXMddztPWRLa8,1700.01
BTC Exchange,1ERUJAp2izGN47noZTPYF3GMRHfo2icmr1,1350.01
BTC Exchange,3HCdgNiAsjidcGx4eeMK9AXvXBfrnteunW,3.1564522200000003
BTC Exchange,1LjUYdf8mQk9DsrVvuPYeHyJKQq5V1MLsT,3129.5618272000006
BTC Exchange,1LjUYdf8mQk9DsrVvuPYeHyJKQq5V1MLsT,1520.4990701499999
BTC Exchange,1LjUYdf8mQk9DsrVvuPYeHyJKQq5V1MLsT,356.999867
BTC Exchange,1LjUYdf8mQk9DsrVvuPYeHyJKQq5V1MLsT,656.9994547
BTC Exchange,1LjUYdf8mQk9DsrVvuPYeHyJKQq5V1MLsT,205.50440833000002
BTC Exchange,1LjUYdf8mQk9DsrVvuPYeHyJKQq5V1MLsT,643.9982180300001
BTC Exchange,1GJuHSLW59oqBAbDEXpBRSnHdwS8yaksQZ,1000.1830365999999
15TbabdR3FKJMpRxDeEetezWKGJwdGXbTY,BTC Exchange,305.4028645
BTC Exchange,15TbabdR3FKJMpRxDeEetezWKGJwdGXbTY,1489.0589905299998
BTC Exchange,1Lixqm3v6TSuZska8xNMcBSFbfizUnuHNL,500.19530824
15TbabdR3FKJMpRxDeEetezWKGJwdGXbTY,BTC Exchange,250.84036
BTC Exchange,15TbabdR3FKJMpRxDeEetezWKGJwdGXbTY,604.3454946400001
BTC Exchange,1GBzbXJmcMjnDyTW2yKJFfeXUGicG1zpC4,6563.67083986
BTC Exchange,1GBzbXJmcMjnDyTW2yKJFfeXUGicG1zpC4,1718.52401846
BTC Exchange,1Lixqm3v6TSuZska8xNMcBSFbfizUnuHNL,3006.1869392099998
BTC Exchange,1Lixqm3v6TSuZska8xNMcBSFbfizUnuHNL,1001.1504576
19yLTkx4jggSnjdiGkkhNwTjZUyY5T8kEA,BTC Exchange,194.5808
BTC Exchange,19yLTkx4jggSnjdiGkkhNwTjZUyY5T8kEA,939.9732792000001
BTC Exchange,1K8BSkYDosEdzWhV27fLjcqkuYTeazuvsv,1529.971816
3FiMKffg2kY2Pi2Kebn2HZqN7m6kEcNUMk,BTC Exchange,130.26
BTC Exchange,19yLTkx4jggSnjdiGkkhNwTjZUyY5T8kEA,1155.77642243
BTC Exchange,1K8BSkYDosEdzWhV27fLjcqkuYTeazuvsv,1000.06242818
19yLTkx4jggSnjdiGkkhNwTjZUyY5T8kEA,BTC Exchange,2.6638962999999998
BTC Exchange,19yLTkx4jggSnjdiGkkhNwTjZUyY5T8kEA,869.6342365700001
BTC Exchange,1K8BSkYDosEdzWhV27fLjcqkuYTeazuvsv,1004.6509082900001
1NJdqNoC7uPh7MqQhyEynRn9htstEELZDn,BTC Exchange,902.6921159999999
BTC Exchange,1K8BSkYDosEdzWhV27fLjcqkuYTeazuvsv,1000.1236953499999
BTC Exchange,1NJdqNoC7uPh7MqQhyEynRn9htstEELZDn,971.4381783000001
1NJdqNoC7uPh7MqQhyEynRn9htstEELZDn,BTC Exchange,815.545267
BTC Exchange,17nLZX3RrPZJrGaG2YrngPR6TBXKsxeczT,1000.08034256
BTC Exchange,1NJdqNoC7uPh7MqQhyEynRn9htstEELZDn,107.57384375000001
18f6y4uWnLd7VPzfR2c1dMboihghXYHRH3,BTC Exchange,1685.5368799999999
BTC Exchange,17nLZX3RrPZJrGaG2YrngPR6TBXKsxeczT,500.00985323
BTC Exchange,18f6y4uWnLd7VPzfR2c1dMboihghXYHRH3,1434.41860049
18f6y4uWnLd7VPzfR2c1dMboihghXYHRH3,BTC Exchange,114.49663999999999
BTC Exchange,18f6y4uWnLd7VPzfR2c1dMboihghXYHRH3,861.697041
BTC Exchange,12T7nyMrAnd13UAMYCCJZ8Fw7PpMGPRFsi,2814.4711734999996
BTC Exchange,18f6y4uWnLd7VPzfR2c1dMboihghXYHRH3,227.96774935999997
BTC Exchange,12T7nyMrAnd13UAMYCCJZ8Fw7PpMGPRFsi,1785.5968805999998
BTC Exchange,12T7nyMrAnd13UAMYCCJZ8Fw7PpMGPRFsi,1461.7257955999999
BTC Exchange,3CgKHXR17eh2xCj2RGnHJHTDjPpqaNDgyT,243.7705107
BTC Exchange,12T7nyMrAnd13UAMYCCJZ8Fw7PpMGPRFsi,1613.5791292
176qitpjwyEkPcnrjbTixXfRJNX6GZqCZ8,BTC Exchange,2403.2611266
BTC Exchange,176qitpjwyEkPcnrjbTixXfRJNX6GZqCZ8,76.56889351999997
BTC Exchange,1fw4PbvZXdzbKo5WD3hdSvqKDze3g4HHe,22.222151569999998
BTC Exchange,17nLZX3RrPZJrGaG2YrngPR6TBXKsxeczT,2000.1402121000003
BTC Exchange,17nLZX3RrPZJrGaG2YrngPR6TBXKsxeczT,500.035
BTC Exchange,3N1xWnCNpWJchpC4YckeimkXRyYA7M2iks,1.0
BTC Exchange,1P1iThxBH542Gmk1kZNXyji4E4iwpvSbrt,43.083331859999966
37XuVSEpWW4trkfmvWzegTHQt7BdktSKUs,BTC Exchange,0.08265466
BTC Exchange,3Gx9ME2BMXE1UpANpxffheXJQ5p8oU5ntM,3101.0
BTC Exchange,3JPauiFhP4K3AevmgNMFfMSN7pLZbuADJQ,14898.9983276
BTC Exchange,1GaSQcWg3R98qf5sTWetwjjMh6ehxj25Gp,1231.0034012
37XuVSEpWW4trkfmvWzegTHQt7BdktSKUs,BTC Exchange,0.00383544
BTC Exchange,1M1WMEzrtYn5SFa7DkixAkaA4AyJ3kYrLY,750.34821463
BTC Exchange,1GaSQcWg3R98qf5sTWetwjjMh6ehxj25Gp,898.00724129
BTC Exchange,14q2eU3FHbxvi9jLcRwVhrBUBDK4C1nFZ4,1550.0
BTC Exchange,17nLZX3RrPZJrGaG2YrngPR6TBXKsxeczT,502.61993692999994
BTC Exchange,1GaSQcWg3R98qf5sTWetwjjMh6ehxj25Gp,369.999425
BTC Exchange,1M1WMEzrtYn5SFa7DkixAkaA4AyJ3kYrLY,750.0
BTC Exchange,1GaSQcWg3R98qf5sTWetwjjMh6ehxj25Gp,13.9009451
1FJuzzQFVMbiMGw6JtcXefdD64amy7mSCF,BTC Exchange,0.45197487
3ArokeDnjU1vk4dVwUQwG8G72xdToCRcsR,BTC Exchange,0.1
BTC Exchange,1FishZMR2YSmussTBMCPirja83C3d3CCTX,23.997175
BTC Exchange,1GaSQcWg3R98qf5sTWetwjjMh6ehxj25Gp,837.06396496
BTC Exchange,3ArokeDnjU1vk4dVwUQwG8G72xdToCRcsR,0.21202541000000003
1AfHER73jneZAEAHNiz5dBKnrzeWcMJM5i,BTC Exchange,15.9616995
3ArokeDnjU1vk4dVwUQwG8G72xdToCRcsR,BTC Exchange,499.9
BTC Exchange,1AfHER73jneZAEAHNiz5dBKnrzeWcMJM5i,313.7697246
BTC Exchange,1GaSQcWg3R98qf5sTWetwjjMh6ehxj25Gp,665.99926
BTC Exchange,3N1xWnCNpWJchpC4YckeimkXRyYA7M2iks,1057.08454
3N1xWnCNpWJchpC4YckeimkXRyYA7M2iks,BTC Exchange,1.0
385cR5DM96n1HvBDMzLHPYcw89fZAXULJP,BTC Exchange,1500.0
BTC Exchange,3N1xWnCNpWJchpC4YckeimkXRyYA7M2iks,719.6173699999999
BTC Exchange,3N1xWnCNpWJchpC4YckeimkXRyYA7M2iks,400.0
1AfHER73jneZAEAHNiz5dBKnrzeWcMJM5i,BTC Exchange,7400.0
BTC Exchange,1AfHER73jneZAEAHNiz5dBKnrzeWcMJM5i,1.6324106899999997
1Ja7G9JJRw8w8WWnMzw7PwYehhiZmhESkC,BTC Exchange,19.14585
BTC Exchange,1Ja7G9JJRw8w8WWnMzw7PwYehhiZmhESkC,42.656696999999994
385cR5DM96n1HvBDMzLHPYcw89fZAXULJP,BTC Exchange,0.00537268
BTC Exchange,3N1xWnCNpWJchpC4YckeimkXRyYA7M2iks,1805.708595
1FVd6EEQnfq8UPDTzfcCBKZTR4uGGJzbgH,BTC Exchange,0.03792605
14q2eU3FHbxvi9jLcRwVhrBUBDK4C1nFZ4,BTC Exchange,750.0
18agaV9WL6JUq83657mQNCXMddztPWRLa8,BTC Exchange,750.0
1DTBF2ooVxKTni2McYwXujbNv6wRvjP9ms,BTC Exchange,750.0
1ERUJAp2izGN47noZTPYF3GMRHfo2icmr1,BTC Exchange,500.0
1LRAJB1Jb2U36ErCUgZrowGKWvZVqqttUw,BTC Exchange,250.0
1fw4PbvZXdzbKo5WD3hdSvqKDze3g4HHe,BTC Exchange,2250.0
BTC Exchange,3KTeq879YjzhqkAXzZmdapJAVC6qz5qEth,0.01
BTC Exchange,3LYJfcfHPXYJreMsASk2jkn69LWEYKzexb,43.59260518999999
1FVd6EEQnfq8UPDTzfcCBKZTR4uGGJzbgH,BTC Exchange,0.060117779999999996
37XuVSEpWW4trkfmvWzegTHQt7BdktSKUs,BTC Exchange,0.014939260000000001
BTC Exchange,3N1xWnCNpWJchpC4YckeimkXRyYA7M2iks,1011.220259
1FVd6EEQnfq8UPDTzfcCBKZTR4uGGJzbgH,BTC Exchange,1.2022206999999998
BTC Exchange,3N1xWnCNpWJchpC4YckeimkXRyYA7M2iks,2538.650253
BTC Exchange,1FVd6EEQnfq8UPDTzfcCBKZTR4uGGJzbgH,2009.5538483200003
1M5NkxdbwwRcmRnh8YpyBuKZnhMJGKjs9S,BTC Exchange,0.015
BTC Exchange,31k2z8HocUWMCMXBkXREPiXNgK2fB3iLwo,441.73195999999996
BTC Exchange,3N1xWnCNpWJchpC4YckeimkXRyYA7M2iks,2500.0
BTC Exchange,3PBHZqahLuSjcyE6kBcesFT2DzgAQmzYoW,870.2
1FVd6EEQnfq8UPDTzfcCBKZTR4uGGJzbgH,BTC Exchange,2.9755129699999996
BTC Exchange,1FVd6EEQnfq8UPDTzfcCBKZTR4uGGJzbgH,241.97435420999997
1Ja7G9JJRw8w8WWnMzw7PwYehhiZmhESkC,BTC Exchange,935.8259135999999
37XuVSEpWW4trkfmvWzegTHQt7BdktSKUs,BTC Exchange,0.0388
3FiMKffg2kY2Pi2Kebn2HZqN7m6kEcNUMk,BTC Exchange,50.0
BTC Exchange,1Ja7G9JJRw8w8WWnMzw7PwYehhiZmhESkC,2476.4415098599998
13AiVabLoTcYTdaFcFYtpFFmCFagjiUwE2,BTC Exchange,890.0502110000001
385cR5DM96n1HvBDMzLHPYcw89fZAXULJP,BTC Exchange,2500.0
BTC Exchange,13AiVabLoTcYTdaFcFYtpFFmCFagjiUwE2,2641.1605552500005
BTC Exchange,1LuEe5Xkf1eA493SvsKwjPTS9RkW9JV9N2,1125.8141988
BTC Exchange,1M1WMEzrtYn5SFa7DkixAkaA4AyJ3kYrLY,1000.00195563
BTC Exchange,1LuEe5Xkf1eA493SvsKwjPTS9RkW9JV9N2,3705.6427966999995
BTC Exchange,1LuEe5Xkf1eA493SvsKwjPTS9RkW9JV9N2,2760.2759908000003
1MH8s3qc4F2GZNod1R43qeysSB2ssZCXb,BTC Exchange,2.389609
BTC Exchange,1LuEe5Xkf1eA493SvsKwjPTS9RkW9JV9N2,319.999363
BTC Exchange,1MH8s3qc4F2GZNod1R43qeysSB2ssZCXb,188.998377
1MH8s3qc4F2GZNod1R43qeysSB2ssZCXb,BTC Exchange,242.15699
BTC Exchange,1MH8s3qc4F2GZNod1R43qeysSB2ssZCXb,774.0323851999999
BTC Exchange,3ArokeDnjU1vk4dVwUQwG8G72xdToCRcsR,0.00749217
BTC Exchange,193c9dUtSs3cYxbEtQz685dFyU4rW1ewFy,500.0
BTC Exchange,193c9dUtSs3cYxbEtQz685dFyU4rW1ewFy,1000.0
1MH8s3qc4F2GZNod1R43qeysSB2ssZCXb,BTC Exchange,3600.0
BTC Exchange,193c9dUtSs3cYxbEtQz685dFyU4rW1ewFy,1000.0
BTC Exchange,1MH8s3qc4F2GZNod1R43qeysSB2ssZCXb,0.2500229
BTC Exchange,193c9dUtSs3cYxbEtQz685dFyU4rW1ewFy,1807.651
1MH8s3qc4F2GZNod1R43qeysSB2ssZCXb,BTC Exchange,145.99832
BTC Exchange,1MH8s3qc4F2GZNod1R43qeysSB2ssZCXb,167.27302939999998
1MH8s3qc4F2GZNod1R43qeysSB2ssZCXb,BTC Exchange,25.413996
BTC Exchange,1MH8s3qc4F2GZNod1R43qeysSB2ssZCXb,494.4102435399999
BTC Exchange,1PnsNtAqmHQKxyqKS843J9aegdJsXr5rpD,80.08415860000001
BTC Exchange,3N1xWnCNpWJchpC4YckeimkXRyYA7M2iks,1000.0
BTC Exchange,3PBHZqahLuSjcyE6kBcesFT2DzgAQmzYoW,1735.0
1AaJfJbaoP553HGpmXvqYwZ9a9q8SE9NgX,BTC Exchange,0.014224
BTC Exchange,1AaJfJbaoP553HGpmXvqYwZ9a9q8SE9NgX,1.13802819
BTC Exchange,1Fo497ay4yuv3zQoN9hDWTGuNb33ciioR3,1.13802819
1PnsNtAqmHQKxyqKS843J9aegdJsXr5rpD,BTC Exchange,7.699283599999999
BTC Exchange,1PnsNtAqmHQKxyqKS843J9aegdJsXr5rpD,34.984894
37XuVSEpWW4trkfmvWzegTHQt7BdktSKUs,BTC Exchange,0.19935016
3PBHZqahLuSjcyE6kBcesFT2DzgAQmzYoW,BTC Exchange,110.0
1PnsNtAqmHQKxyqKS843J9aegdJsXr5rpD,BTC Exchange,1659.088776
BTC Exchange,1FishZMR2YSmussTBMCPirja83C3d3CCTX,150.0
BTC Exchange,1PnsNtAqmHQKxyqKS843J9aegdJsXr5rpD,2480.8073784599997
1FqM3gyBgLxBrvg6Kx1R33Qs8jsLRGprgf,BTC Exchange,750.0
1GcPTDtNXuPghJU5qSGvkPQ99nhWrbQaYR,BTC Exchange,24.245098000000002
1PnsNtAqmHQKxyqKS843J9aegdJsXr5rpD,BTC Exchange,428.292328
BTC Exchange,1GcPTDtNXuPghJU5qSGvkPQ99nhWrbQaYR,159.998555
BTC Exchange,1PnsNtAqmHQKxyqKS843J9aegdJsXr5rpD,1732.3332978700003
1GcPTDtNXuPghJU5qSGvkPQ99nhWrbQaYR,BTC Exchange,2514.671141799999
1PnsNtAqmHQKxyqKS843J9aegdJsXr5rpD,BTC Exchange,400.0
3ArokeDnjU1vk4dVwUQwG8G72xdToCRcsR,BTC Exchange,1000.0
BTC Exchange,1GcPTDtNXuPghJU5qSGvkPQ99nhWrbQaYR,3580.00040398
BTC Exchange,1PnsNtAqmHQKxyqKS843J9aegdJsXr5rpD,9.998194
BTC Exchange,3CgKHXR17eh2xCj2RGnHJHTDjPpqaNDgyT,167.99846000000002
3ArokeDnjU1vk4dVwUQwG8G72xdToCRcsR,BTC Exchange,200.0
3ArokeDnjU1vk4dVwUQwG8G72xdToCRcsR,BTC Exchange,1000.0
BTC Exchange,3ArokeDnjU1vk4dVwUQwG8G72xdToCRcsR,0.00876201
BTC Exchange,35ULMyVnFoYaPaMxwHTRmaGdABpAThM4QR,15.118051000000001
BTC Exchange,1CptxmzfRyU2rF3VJ6q8wa2tkh3cm82p9P,6491.8478037
BTC Exchange,1GcPTDtNXuPghJU5qSGvkPQ99nhWrbQaYR,178.78924175
BTC Exchange,3KTeq879YjzhqkAXzZmdapJAVC6qz5qEth,1000.41
BTC Exchange,1CptxmzfRyU2rF3VJ6q8wa2tkh3cm82p9P,12633.43159658
BTC Exchange,1JnfbQerGjFHVq28945y1bhoUHpn6vKM9v,693.2707874000001
BTC Exchange,1JnfbQerGjFHVq28945y1bhoUHpn6vKM9v,2049.4793895
BTC Exchange,35ULMyVnFoYaPaMxwHTRmaGdABpAThM4QR,8500.0
3PBHZqahLuSjcyE6kBcesFT2DzgAQmzYoW,BTC Exchange,70.0
BTC Exchange,35ULMyVnFoYaPaMxwHTRmaGdABpAThM4QR,12.196483250000002
BTC Exchange,3KTeq879YjzhqkAXzZmdapJAVC6qz5qEth,1000.0
35ULMyVnFoYaPaMxwHTRmaGdABpAThM4QR,BTC Exchange,1300.0
BTC Exchange,1PNkzoSzRgMEZusn62vR4SJsFci18gP46C,7491.593000000001
BTC Exchange,35ULMyVnFoYaPaMxwHTRmaGdABpAThM4QR,0.0928803
1sswvtzmd9nXbEFDawYPwm8UEdzjbZvpv,BTC Exchange,1.0
BTC Exchange,35ULMyVnFoYaPaMxwHTRmaGdABpAThM4QR,0.00899596
35ULMyVnFoYaPaMxwHTRmaGdABpAThM4QR,BTC Exchange,3146.4
385cR5DM96n1HvBDMzLHPYcw89fZAXULJP,BTC Exchange,500.0
BTC Exchange,35ULMyVnFoYaPaMxwHTRmaGdABpAThM4QR,0.01137768
BTC Exchange,3KTeq879YjzhqkAXzZmdapJAVC6qz5qEth,2317.4893
1BxgwUXszgVMrs9ZSfdcGLqne2vMYaW8jf,BTC Exchange,641.3546580000001
BTC Exchange,3ArokeDnjU1vk4dVwUQwG8G72xdToCRcsR,0.01095266
BTC Exchange,35ULMyVnFoYaPaMxwHTRmaGdABpAThM4QR,0.42079170000000005
1BxgwUXszgVMrs9ZSfdcGLqne2vMYaW8jf,BTC Exchange,800.0
1FqM3gyBgLxBrvg6Kx1R33Qs8jsLRGprgf,BTC Exchange,800.0
BTC Exchange,35ULMyVnFoYaPaMxwHTRmaGdABpAThM4QR,11.77205128
BTC Exchange,38UmuUqPCrFmQo4khkomQwZ4VbY2nZMJ67,2955.68193964
BTC Exchange,3KTeq879YjzhqkAXzZmdapJAVC6qz5qEth,522.6556400000001
1JU5gDTe6wvMEymgrHx2fobPeHEQiQNwLN,BTC Exchange,0.05983143
BTC Exchange,1FXHxbZ8HiGDCUrkainA9RKzqfHHkGi1hu,256.14624224999994
BTC Exchange,1DTBF2ooVxKTni2McYwXujbNv6wRvjP9ms,0.003
BTC Exchange,1LRAJB1Jb2U36ErCUgZrowGKWvZVqqttUw,0.003
BTC Exchange,39e7mxbeNmRRnjfy1qkphv1TiMcztZ8VuE,0.001
BTC Exchange,39e7mxbeNmRRnjfy1qkphv1TiMcztZ8VuE,413.167095
3PBHZqahLuSjcyE6kBcesFT2DzgAQmzYoW,BTC Exchange,201.0
BTC Exchange,12Ze14vvoMxEAijZcJVCTG8uzcPB8TSTrs,3.89379817
14XKsv8tT6tt8P8mfDQZgNF8wtN5erNu5D,BTC Exchange,0.005
BTC Exchange,14XKsv8tT6tt8P8mfDQZgNF8wtN5erNu5D,70.08393621999998
1BxgwUXszgVMrs9ZSfdcGLqne2vMYaW8jf,BTC Exchange,51.6807372
385cR5DM96n1HvBDMzLHPYcw89fZAXULJP,BTC Exchange,1000.0
BTC Exchange,1ERUJAp2izGN47noZTPYF3GMRHfo2icmr1,2689.4468
BTC Exchange,1fw4PbvZXdzbKo5WD3hdSvqKDze3g4HHe,2689.4468
1JjKam5jq5FhrQkP39U7NrTCLbikL84iiJ,BTC Exchange,0.009000000000000001
BTC Exchange,1JjKam5jq5FhrQkP39U7NrTCLbikL84iiJ,497.99965
BTC Exchange,33C6kjmmGp2mrS6coGn627an3xpiRpEyhX,8000.0
BTC Exchange,35ULMyVnFoYaPaMxwHTRmaGdABpAThM4QR,8000.0
BTC Exchange,3QB2qhnj5Xxwhh3GKcfwQDSkL91BCCn5cp,8000.0
BTC Exchange,1FXHxbZ8HiGDCUrkainA9RKzqfHHkGi1hu,264.40127709
BTC Exchange,3Hdj2n5DEKPGsRd5md85exAXdwnRbomWTy,8987.1695
BTC Exchange,3NNsvp7bfeihJTiGbiL3t6jH3jUbRERsB7,10306.3997
14XKsv8tT6tt8P8mfDQZgNF8wtN5erNu5D,BTC Exchange,200.0
1F34duy2eeMz5mSrvFepVzy7Y1rBsnAyWC,BTC Exchange,0.01588878
3ArokeDnjU1vk4dVwUQwG8G72xdToCRcsR,BTC Exchange,400.0
356Zz26iW3tYd1xWJjVGa8CPbjC9W5EW9f,BTC Exchange,999.9994
385cR5DM96n1HvBDMzLHPYcw89fZAXULJP,BTC Exchange,1500.0
BTC Exchange,12Ze14vvoMxEAijZcJVCTG8uzcPB8TSTrs,811.999984
BTC Exchange,38UmuUqPCrFmQo4khkomQwZ4VbY2nZMJ67,5.0363
BTC Exchange,12Ze14vvoMxEAijZcJVCTG8uzcPB8TSTrs,1.05441295
BTC Exchange,1MDq7zyLw6oKichbFiDDZ3aaK59byc6CT8,3027.676414
BTC Exchange,35ULMyVnFoYaPaMxwHTRmaGdABpAThM4QR,5624.39909
BTC Exchange,38UmuUqPCrFmQo4khkomQwZ4VbY2nZMJ67,1.0878077400000001
BTC Exchange,39e7mxbeNmRRnjfy1qkphv1TiMcztZ8VuE,5624.39909
1BxgwUXszgVMrs9ZSfdcGLqne2vMYaW8jf,BTC Exchange,143.43233
3ArokeDnjU1vk4dVwUQwG8G72xdToCRcsR,BTC Exchange,500.0
BTC Exchange,12Ze14vvoMxEAijZcJVCTG8uzcPB8TSTrs,0.6300299
BTC Exchange,19pnUzv5KHALEu3DRpyHogT6N3BeHbqJrS,32.31463790000002
BTC Exchange,1M1WMEzrtYn5SFa7DkixAkaA4AyJ3kYrLY,1000.97206417
BTC Exchange,35ULMyVnFoYaPaMxwHTRmaGdABpAThM4QR,0.2710067
BTC Exchange,3KTeq879YjzhqkAXzZmdapJAVC6qz5qEth,1500.6002
BTC Exchange,16mbJTjtaqzTXajm7uJLspS9FkYvPgspcs,1.66608858
BTC Exchange,18oP9DDaxKrC3XTMC2kZK1wLDGwUcky2oR,2.4476060700000004
BTC Exchange,1M1WMEzrtYn5SFa7DkixAkaA4AyJ3kYrLY,500.05388852
BTC Exchange,35ULMyVnFoYaPaMxwHTRmaGdABpAThM4QR,998.99971526
3PBHZqahLuSjcyE6kBcesFT2DzgAQmzYoW,BTC Exchange,701.0
BTC Exchange,1M1WMEzrtYn5SFa7DkixAkaA4AyJ3kYrLY,502.09727587000003
BTC Exchange,35ULMyVnFoYaPaMxwHTRmaGdABpAThM4QR,0.58284605
BTC Exchange,14q2eU3FHbxvi9jLcRwVhrBUBDK4C1nFZ4,7.739742219999999
BTC Exchange,17sdJUuR27w5vJrDP2wqEwcSUo7z3r4X1D,7.739742219999999
BTC Exchange,18agaV9WL6JUq83657mQNCXMddztPWRLa8,7.739742219999999
BTC Exchange,19pnUzv5KHALEu3DRpyHogT6N3BeHbqJrS,4.55303402
BTC Exchange,1DTBF2ooVxKTni2McYwXujbNv6wRvjP9ms,7.739742219999999
BTC Exchange,1ERUJAp2izGN47noZTPYF3GMRHfo2icmr1,2.41115435
BTC Exchange,1FTvwrv3zDfF6JnWEukYN1BKQkd3W56ew1,7.739742219999999
BTC Exchange,1JnfbQerGjFHVq28945y1bhoUHpn6vKM9v,1870.2340080000004
BTC Exchange,1LRAJB1Jb2U36ErCUgZrowGKWvZVqqttUw,7.739742219999999
BTC Exchange,1Ny6TcisB7F2Njjw8Jwi4x4yjsyRfLEQ15,7.739742219999999
BTC Exchange,38UmuUqPCrFmQo4khkomQwZ4VbY2nZMJ67,1.78489919
BTC Exchange,1AXskHt4ZwVZLonZV8BMDxh4V65ec41KMJ,141.590877
BTC Exchange,1JnfbQerGjFHVq28945y1bhoUHpn6vKM9v,3659.9886051
BTC Exchange,38UmuUqPCrFmQo4khkomQwZ4VbY2nZMJ67,1.3141472500000002
1AXskHt4ZwVZLonZV8BMDxh4V65ec41KMJ,BTC Exchange,105.1719282
BTC Exchange,14q2eU3FHbxvi9jLcRwVhrBUBDK4C1nFZ4,4.493516449999999
BTC Exchange,17sdJUuR27w5vJrDP2wqEwcSUo7z3r4X1D,4.493516449999999
BTC Exchange,18agaV9WL6JUq83657mQNCXMddztPWRLa8,4.493516449999999
BTC Exchange,19pnUzv5KHALEu3DRpyHogT6N3BeHbqJrS,9.694803770000004
BTC Exchange,1AXskHt4ZwVZLonZV8BMDxh4V65ec41KMJ,814.3562873900001
BTC Exchange,1DTBF2ooVxKTni2McYwXujbNv6wRvjP9ms,4.493516449999999
BTC Exchange,1ERUJAp2izGN47noZTPYF3GMRHfo2icmr1,4.493516449999999
BTC Exchange,1FTvwrv3zDfF6JnWEukYN1BKQkd3W56ew1,4.493516449999999
BTC Exchange,1LRAJB1Jb2U36ErCUgZrowGKWvZVqqttUw,4.493516449999999
BTC Exchange,1Ny6TcisB7F2Njjw8Jwi4x4yjsyRfLEQ15,4.493516449999999
BTC Exchange,38UmuUqPCrFmQo4khkomQwZ4VbY2nZMJ67,0.12436769
1AXskHt4ZwVZLonZV8BMDxh4V65ec41KMJ,BTC Exchange,4.186428500000001
1JjKam5jq5FhrQkP39U7NrTCLbikL84iiJ,BTC Exchange,0.01
BTC Exchange,12Ze14vvoMxEAijZcJVCTG8uzcPB8TSTrs,9.247321779999998
BTC Exchange,1AXskHt4ZwVZLonZV8BMDxh4V65ec41KMJ,0.05409954
BTC Exchange,1FishZMR2YSmussTBMCPirja83C3d3CCTX,141.86084843999998
BTC Exchange,1MDq7zyLw6oKichbFiDDZ3aaK59byc6CT8,3500.0
BTC Exchange,38UmuUqPCrFmQo4khkomQwZ4VbY2nZMJ67,0.8223753500000001
1AXskHt4ZwVZLonZV8BMDxh4V65ec41KMJ,BTC Exchange,851.044665
1B4U28Yc1JmSQbpzzSfavEskTPMvBRphyD,BTC Exchange,200.0
BTC Exchange,19pnUzv5KHALEu3DRpyHogT6N3BeHbqJrS,807.63837
BTC Exchange,1AXskHt4ZwVZLonZV8BMDxh4V65ec41KMJ,2989.32278577
BTC Exchange,1B4U28Yc1JmSQbpzzSfavEskTPMvBRphyD,2.16337924
BTC Exchange,1JjKam5jq5FhrQkP39U7NrTCLbikL84iiJ,253.99957999999998
1B4U28Yc1JmSQbpzzSfavEskTPMvBRphyD,BTC Exchange,427.764864
BTC Exchange,1B4U28Yc1JmSQbpzzSfavEskTPMvBRphyD,99.207978
1B4U28Yc1JmSQbpzzSfavEskTPMvBRphyD,BTC Exchange,41.048008
385cR5DM96n1HvBDMzLHPYcw89fZAXULJP,BTC Exchange,1300.0
BTC Exchange,19pnUzv5KHALEu3DRpyHogT6N3BeHbqJrS,2.656283979999998
BTC Exchange,1B4U28Yc1JmSQbpzzSfavEskTPMvBRphyD,590.4118533000001
1B4U28Yc1JmSQbpzzSfavEskTPMvBRphyD,BTC Exchange,441.35702200000003
BTC Exchange,1B4U28Yc1JmSQbpzzSfavEskTPMvBRphyD,1285.15337946
BTC Exchange,1MDq7zyLw6oKichbFiDDZ3aaK59byc6CT8,2000.0
BTC Exchange,35ULMyVnFoYaPaMxwHTRmaGdABpAThM4QR,5.0229077
BTC Exchange,35hK24tcLEWcgNA4JxpvbkNkoAcDGqQPsP,63.113718500000026
BTC Exchange,1FXHxbZ8HiGDCUrkainA9RKzqfHHkGi1hu,203.67344599000003
BTC Exchange,1MDq7zyLw6oKichbFiDDZ3aaK59byc6CT8,2005.2943363
18f6y4uWnLd7VPzfR2c1dMboihghXYHRH3,BTC Exchange,0.0019666
BTC Exchange,14q2eU3FHbxvi9jLcRwVhrBUBDK4C1nFZ4,2604.4938
BTC Exchange,17sdJUuR27w5vJrDP2wqEwcSUo7z3r4X1D,2604.4938
BTC Exchange,18agaV9WL6JUq83657mQNCXMddztPWRLa8,2604.4938
BTC Exchange,19pnUzv5KHALEu3DRpyHogT6N3BeHbqJrS,967.6583
BTC Exchange,1DTBF2ooVxKTni2McYwXujbNv6wRvjP9ms,2604.4938
BTC Exchange,1LRAJB1Jb2U36ErCUgZrowGKWvZVqqttUw,2604.4938
BTC Exchange,14q2eU3FHbxvi9jLcRwVhrBUBDK4C1nFZ4,4.662970930000001
BTC Exchange,16mbJTjtaqzTXajm7uJLspS9FkYvPgspcs,1180.36832496
BTC Exchange,18agaV9WL6JUq83657mQNCXMddztPWRLa8,4.662970930000001
BTC Exchange,1LRAJB1Jb2U36ErCUgZrowGKWvZVqqttUw,4.662970930000001
BTC Exchange,1Ny6TcisB7F2Njjw8Jwi4x4yjsyRfLEQ15,309.00880524999985
3PBHZqahLuSjcyE6kBcesFT2DzgAQmzYoW,BTC Exchange,50.0
BTC Exchange,16mbJTjtaqzTXajm7uJLspS9FkYvPgspcs,677.2702
BTC Exchange,35hK24tcLEWcgNA4JxpvbkNkoAcDGqQPsP,9.326519359999995
BTC Exchange,3ArokeDnjU1vk4dVwUQwG8G72xdToCRcsR,0.00803618
BTC Exchange,16mbJTjtaqzTXajm7uJLspS9FkYvPgspcs,370.46005
BTC Exchange,18oP9DDaxKrC3XTMC2kZK1wLDGwUcky2oR,477.9645014300001
1FishZMR2YSmussTBMCPirja83C3d3CCTX,BTC Exchange,3001.0
385cR5DM96n1HvBDMzLHPYcw89fZAXULJP,BTC Exchange,1000.0
BTC Exchange,18oP9DDaxKrC3XTMC2kZK1wLDGwUcky2oR,1269.0852242
BTC Exchange,18oP9DDaxKrC3XTMC2kZK1wLDGwUcky2oR,214.06222999999997
BTC Exchange,3LYJfcfHPXYJreMsASk2jkn69LWEYKzexb,722.8691
BTC Exchange,18oP9DDaxKrC3XTMC2kZK1wLDGwUcky2oR,1056.9080000000001
BTC Exchange,1MDq7zyLw6oKichbFiDDZ3aaK59byc6CT8,1082.88976
BTC Exchange,3DVJfEsDTPkGDvqPCLC41X85L1B1DQWDyh,184.16304436000001
3DVJfEsDTPkGDvqPCLC41X85L1B1DQWDyh,BTC Exchange,0.06414995
BTC Exchange,18oP9DDaxKrC3XTMC2kZK1wLDGwUcky2oR,1017.43296
BTC Exchange,1BxgwUXszgVMrs9ZSfdcGLqne2vMYaW8jf,150.0
BTC Exchange,18oP9DDaxKrC3XTMC2kZK1wLDGwUcky2oR,92.6095033
BTC Exchange,1NRvGNx72TJAw6eJrFxpz7mdxQfxNSBdkk,63.12832457999999
BTC Exchange,34ovCavdkQgEYbrJk9Q1onhK7uWqq6J7DC,80.23763568999998
BTC Exchange,3DVJfEsDTPkGDvqPCLC41X85L1B1DQWDyh,200.27444201
BTC Exchange,18oP9DDaxKrC3XTMC2kZK1wLDGwUcky2oR,40.9407633
BTC Exchange,1JjKam5jq5FhrQkP39U7NrTCLbikL84iiJ,2297.58297
14vbdGfYS7UKMvc4334UZDvTMPFA2G7zCB,BTC Exchange,34.6430753
BTC Exchange,14vbdGfYS7UKMvc4334UZDvTMPFA2G7zCB,691.7878432
BTC Exchange,1FXHxbZ8HiGDCUrkainA9RKzqfHHkGi1hu,272.43029591000027
BTC Exchange,1JjKam5jq5FhrQkP39U7NrTCLbikL84iiJ,4312.984555999999
14vbdGfYS7UKMvc4334UZDvTMPFA2G7zCB,BTC Exchange,605.9997299999999
BTC Exchange,14vbdGfYS7UKMvc4334UZDvTMPFA2G7zCB,1032.9944924
BTC Exchange,1NRvGNx72TJAw6eJrFxpz7mdxQfxNSBdkk,25.00047966
35hK24tcLEWcgNA4JxpvbkNkoAcDGqQPsP,BTC Exchange,0.00591411
BTC Exchange,38UmuUqPCrFmQo4khkomQwZ4VbY2nZMJ67,1.2051867
BTC Exchange,1MDq7zyLw6oKichbFiDDZ3aaK59byc6CT8,2092.45036
14vbdGfYS7UKMvc4334UZDvTMPFA2G7zCB,BTC Exchange,116.623969
1NRvGNx72TJAw6eJrFxpz7mdxQfxNSBdkk,BTC Exchange,0.001
385cR5DM96n1HvBDMzLHPYcw89fZAXULJP,BTC Exchange,1000.0
BTC Exchange,14vbdGfYS7UKMvc4334UZDvTMPFA2G7zCB,218.97096860000002
BTC Exchange,1K8QG4fuswaWFZ2fmmuxVKaWibi9H95iGw,1101.8781025399999
BTC Exchange,1LQZz1EfxGRFedd7CNumFFeGPRvc4DH34v,3.697117300000001
BTC Exchange,1Ny6TcisB7F2Njjw8Jwi4x4yjsyRfLEQ15,71.8634288
BTC Exchange,3DVJfEsDTPkGDvqPCLC41X85L1B1DQWDyh,145.08385297
3DVJfEsDTPkGDvqPCLC41X85L1B1DQWDyh,BTC Exchange,1.5292056
BTC Exchange,1DwSAnZw4Gk9FotgWZhRb3Nzqi4PLdU8M,197.9988479
BTC Exchange,1K8QG4fuswaWFZ2fmmuxVKaWibi9H95iGw,43.46768428
BTC Exchange,1LQZz1EfxGRFedd7CNumFFeGPRvc4DH34v,5.43831108
18oP9DDaxKrC3XTMC2kZK1wLDGwUcky2oR,BTC Exchange,719.743792
BTC Exchange,18oP9DDaxKrC3XTMC2kZK1wLDGwUcky2oR,0.14953291
BTC Exchange,1DwSAnZw4Gk9FotgWZhRb3Nzqi4PLdU8M,103.211907
BTC Exchange,1LQZz1EfxGRFedd7CNumFFeGPRvc4DH34v,2.7230695999999988
BTC Exchange,1NRvGNx72TJAw6eJrFxpz7mdxQfxNSBdkk,72.73882752
BTC Exchange,bc1qxmmt920rqnd9238t6qw98ld3jm2vfq5fgr4v2x,1068.996824
BTC Exchange,1DwSAnZw4Gk9FotgWZhRb3Nzqi4PLdU8M,731.9909305
385cR5DM96n1HvBDMzLHPYcw89fZAXULJP,BTC Exchange,1500.0
BTC Exchange,1DwSAnZw4Gk9FotgWZhRb3Nzqi4PLdU8M,1788.80574796
1BxgwUXszgVMrs9ZSfdcGLqne2vMYaW8jf,BTC Exchange,157.99722
BTC Exchange,1LQZz1EfxGRFedd7CNumFFeGPRvc4DH34v,1.4453915
BTC Exchange,3CCxFk5tDkzbbJ6qJ1j3XTchh6yBuNahFd,0.71278141
BTC Exchange,1FXHxbZ8HiGDCUrkainA9RKzqfHHkGi1hu,518.0310202999999
BTC Exchange,14q2eU3FHbxvi9jLcRwVhrBUBDK4C1nFZ4,2171.55275
BTC Exchange,17sdJUuR27w5vJrDP2wqEwcSUo7z3r4X1D,2171.55275
BTC Exchange,18agaV9WL6JUq83657mQNCXMddztPWRLa8,2171.55275
BTC Exchange,1DTBF2ooVxKTni2McYwXujbNv6wRvjP9ms,2171.55275
BTC Exchange,1LRAJB1Jb2U36ErCUgZrowGKWvZVqqttUw,2171.55275
BTC Exchange,14q2eU3FHbxvi9jLcRwVhrBUBDK4C1nFZ4,4104.23456
BTC Exchange,17sdJUuR27w5vJrDP2wqEwcSUo7z3r4X1D,4104.23456
BTC Exchange,1DTBF2ooVxKTni2McYwXujbNv6wRvjP9ms,4104.23456
BTC Exchange,1LRAJB1Jb2U36ErCUgZrowGKWvZVqqttUw,4104.23456
BTC Exchange,1Ny6TcisB7F2Njjw8Jwi4x4yjsyRfLEQ15,4104.23456
BTC Exchange,1LQZz1EfxGRFedd7CNumFFeGPRvc4DH34v,1.4140181000000005
1BZaYtmXka1y3Byi2yvXCDG92Tjz7ecwYj,BTC Exchange,0.03505554
BTC Exchange,1JECFWTZsRw65y65DEVR2djXv2KMYfuo7A,109.999549
BTC Exchange,12Ze14vvoMxEAijZcJVCTG8uzcPB8TSTrs,1072.2993011
BTC Exchange,1JECFWTZsRw65y65DEVR2djXv2KMYfuo7A,1371.1931038000002
BTC Exchange,1Mt6STNGoHGuDziUSCagqTGNGrbDFSBxRn,1596.7432811
BTC Exchange,3Mf1tGQVx5JmpDY1Rs1TocRiE5wG4Pekn1,11.947050010000002
BTC Exchange,1361wC48gW19mKAJmAkdXScLZKYdXgViS9,4382.5195595
BTC Exchange,1Mt6STNGoHGuDziUSCagqTGNGrbDFSBxRn,1384.66323606
385cR5DM96n1HvBDMzLHPYcw89fZAXULJP,BTC Exchange,2700.0
3Mf1tGQVx5JmpDY1Rs1TocRiE5wG4Pekn1,BTC Exchange,2.17395272
BTC Exchange,17sdJUuR27w5vJrDP2wqEwcSUo7z3r4X1D,2.9813914800000005
BTC Exchange,19RtRzXV5px91eMbWZFCWLZRUeQX5XxxnJ,3769.2471857899964
BTC Exchange,1LQZz1EfxGRFedd7CNumFFeGPRvc4DH34v,2.8081287500000003
BTC Exchange,1M14kQL3zfyEAHx6JCM3gsZyAxyiSDMWdp,4569.488836299999
BTC Exchange,1Mt6STNGoHGuDziUSCagqTGNGrbDFSBxRn,458.0185674
BTC Exchange,3Mf1tGQVx5JmpDY1Rs1TocRiE5wG4Pekn1,1998.6772902300002
3ArokeDnjU1vk4dVwUQwG8G72xdToCRcsR,BTC Exchange,750.0
BTC Exchange,19RtRzXV5px91eMbWZFCWLZRUeQX5XxxnJ,369.0487773
BTC Exchange,1Cr7EjvS8C7gfarREHCvFhd9gT3r46pfLb,0.10274374999999998
BTC Exchange,1FZcb6BU1ZbHQJcby7vDF2Na1z9UmkGSSG,3824.7986134399994
BTC Exchange,1JFUG5K3HidvfJD4R7nKyDJikmFpPcBB2,2014.7604132699998
BTC Exchange,1NRvGNx72TJAw6eJrFxpz7mdxQfxNSBdkk,34.469140470000006
BTC Exchange,38UmuUqPCrFmQo4khkomQwZ4VbY2nZMJ67,0.11647585999999999
BTC Exchange,3ArokeDnjU1vk4dVwUQwG8G72xdToCRcsR,0.01306894
BTC Exchange,1C1sUtw6fYa1Yr5wexrH2ayT1ZykD9Sobx,2926.9604060099996
BTC Exchange,3DVJfEsDTPkGDvqPCLC41X85L1B1DQWDyh,288.5299
BTC Exchange,1C1sUtw6fYa1Yr5wexrH2ayT1ZykD9Sobx,338.1974413
1BxgwUXszgVMrs9ZSfdcGLqne2vMYaW8jf,BTC Exchange,451.22742
1FqM3gyBgLxBrvg6Kx1R33Qs8jsLRGprgf,BTC Exchange,451.22742
32h5u6KFHAp36krAesBw7CL5ag6CYnSWFj,BTC Exchange,0.09699999999999999
3ANziRvoBdNGkmGopgyhvzPuBvcL8sRL7S,BTC Exchange,24.004870999999998
BTC Exchange,19tiUa9nsPTgaqWNHaM9QyCfv4Wm9dVeYa,537.6924226500001
BTC Exchange,1BxgwUXszgVMrs9ZSfdcGLqne2vMYaW8jf,30.0
BTC Exchange,1C1sUtw6fYa1Yr5wexrH2ayT1ZykD9Sobx,209.00969899999998
BTC Exchange,1FXHxbZ8HiGDCUrkainA9RKzqfHHkGi1hu,503.1797735600001
BTC Exchange,3ANziRvoBdNGkmGopgyhvzPuBvcL8sRL7S,5.41183815
1LQZz1EfxGRFedd7CNumFFeGPRvc4DH34v,BTC Exchange,0.07273869
BTC Exchange,12Ze14vvoMxEAijZcJVCTG8uzcPB8TSTrs,597.36080613
BTC Exchange,1LQZz1EfxGRFedd7CNumFFeGPRvc4DH34v,8.100010060000006
BTC Exchange,1Ny6TcisB7F2Njjw8Jwi4x4yjsyRfLEQ15,597.36080613
BTC Exchange,35ULMyVnFoYaPaMxwHTRmaGdABpAThM4QR,399.8
BTC Exchange,35ULMyVnFoYaPaMxwHTRmaGdABpAThM4QR,2099.99957
BTC Exchange,35ULMyVnFoYaPaMxwHTRmaGdABpAThM4QR,549.78
BTC Exchange,38UmuUqPCrFmQo4khkomQwZ4VbY2nZMJ67,0.13171363
3ArokeDnjU1vk4dVwUQwG8G72xdToCRcsR,BTC Exchange,200.0
BTC Exchange,19tiUa9nsPTgaqWNHaM9QyCfv4Wm9dVeYa,538.723426
BTC Exchange,1J1F3U7gHrCjsEsRimDJ3oYBiV24wA8FuV,30.550275019999997
BTC Exchange,15Z5YJaaNSxeynvr6uW6jQZLwq3n1Hu6RX,227.0226677400002
BTC Exchange,19tiUa9nsPTgaqWNHaM9QyCfv4Wm9dVeYa,137.99909234
BTC Exchange,1ERUJAp2izGN47noZTPYF3GMRHfo2icmr1,71.3764384
BTC Exchange,1J1F3U7gHrCjsEsRimDJ3oYBiV24wA8FuV,23.216119179999986
3Mf1tGQVx5JmpDY1Rs1TocRiE5wG4Pekn1,BTC Exchange,35.9585105
BTC Exchange,12Ze14vvoMxEAijZcJVCTG8uzcPB8TSTrs,26.933598
BTC Exchange,1J1F3U7gHrCjsEsRimDJ3oYBiV24wA8FuV,17.837515419999995
BTC Exchange,3DVJfEsDTPkGDvqPCLC41X85L1B1DQWDyh,301.98556274
1ALXLVNj7yKRU2Yki3K3yQGB5TBPof7jyo,BTC Exchange,0.05857518
3ArokeDnjU1vk4dVwUQwG8G72xdToCRcsR,BTC Exchange,100.0
BTC Exchange,1NRvGNx72TJAw6eJrFxpz7mdxQfxNSBdkk,33.33144788999999
BTC Exchange,19pnUzv5KHALEu3DRpyHogT6N3BeHbqJrS,615.69
BTC Exchange,35vGkkxF6wr4n9CLYi35ufZY4T5vP4wEqE,5866.920999999999
BTC Exchange,38UmuUqPCrFmQo4khkomQwZ4VbY2nZMJ67,0.34044359
BTC Exchange,bc1qxmmt920rqnd9238t6qw98ld3jm2vfq5fgr4v2x,114.999774
178KR5zk2Z2rc6rWdczpHBAokBDkjoC8jC,BTC Exchange,3.252684
182p5CrqfDxvonznRyi5AUBwsCkDX8eYMe,BTC Exchange,1499.99905
1AFNceZVB2MshqU5AEoxg14R7LrUx6Un6C,BTC Exchange,58.464638
1AMDVupuTEeTSnKi6LoSFBqikQybufZsv1,BTC Exchange,250.0
1DTmjcZo3MMH9MscHizTLjrUxnvwvSLdf7,BTC Exchange,1999.99994
1JpAvQxbxurhU8wfxszCtzFey4D6N8goJv,BTC Exchange,1999.99994
1LbUMzM7tmyVJCpzBJTi5ZVmRb2Vn8mwVH,BTC Exchange,1500.0
1aXzEKiDJKzkPxTZy9zGc3y1nCDwDPub2,BTC Exchange,152.06535964999998
BTC Exchange,147sPaNaqeyQp8GS2oAUajhb9d4PZ9xAv9,109.995788
BTC Exchange,178KR5zk2Z2rc6rWdczpHBAokBDkjoC8jC,7.3045177
BTC Exchange,182p5CrqfDxvonznRyi5AUBwsCkDX8eYMe,144.998815
BTC Exchange,19tiUa9nsPTgaqWNHaM9QyCfv4Wm9dVeYa,1069.6988643399998
BTC Exchange,1AFNceZVB2MshqU5AEoxg14R7LrUx6Un6C,145.13702285999997
BTC Exchange,1AMDVupuTEeTSnKi6LoSFBqikQybufZsv1,108.76015053
BTC Exchange,1LbUMzM7tmyVJCpzBJTi5ZVmRb2Vn8mwVH,143.9977359
BTC Exchange,35hK24tcLEWcgNA4JxpvbkNkoAcDGqQPsP,10.969286300000002
385cR5DM96n1HvBDMzLHPYcw89fZAXULJP,BTC Exchange,2000.0
3ArokeDnjU1vk4dVwUQwG8G72xdToCRcsR,BTC Exchange,400.0
BTC Exchange,147sPaNaqeyQp8GS2oAUajhb9d4PZ9xAv9,736.9772684999999
BTC Exchange,1J1F3U7gHrCjsEsRimDJ3oYBiV24wA8FuV,21.60020632000001
BTC Exchange,147sPaNaqeyQp8GS2oAUajhb9d4PZ9xAv9,1744.3234276199998
BTC Exchange,1J1F3U7gHrCjsEsRimDJ3oYBiV24wA8FuV,44.19129024
BTC Exchange,3DVJfEsDTPkGDvqPCLC41X85L1B1DQWDyh,400.75570527
BTC Exchange,12Ze14vvoMxEAijZcJVCTG8uzcPB8TSTrs,63.622611320000004
BTC Exchange,1J1F3U7gHrCjsEsRimDJ3oYBiV24wA8FuV,15.82962983999999
BTC Exchange,bc1qxmmt920rqnd9238t6qw98ld3jm2vfq5fgr4v2x,82.57906269000001
3ArokeDnjU1vk4dVwUQwG8G72xdToCRcsR,BTC Exchange,300.0
BTC Exchange,1J1F3U7gHrCjsEsRimDJ3oYBiV24wA8FuV,22.855846769999996
BTC Exchange,3DVJfEsDTPkGDvqPCLC41X85L1B1DQWDyh,253.98082169999998
BTC Exchange,3QhAtiUeg2HyxgvxJsXHUXs4mx4Uwz8wEG,757.996072
385cR5DM96n1HvBDMzLHPYcw89fZAXULJP,BTC Exchange,1000.0
BTC Exchange,1Ac2JdpQ5c9NeSajdGx6dofxeXkn4S35ft,4.7980832300000005
BTC Exchange,1ERUJAp2izGN47noZTPYF3GMRHfo2icmr1,1225.3358090000002
BTC Exchange,1J1F3U7gHrCjsEsRimDJ3oYBiV24wA8FuV,12.90497972
BTC Exchange,1LQZz1EfxGRFedd7CNumFFeGPRvc4DH34v,2.6925668599999995
BTC Exchange,36KAwNUR8VeLpUfGwdk7LEN6F4yvoRWMjn,16.354203399999996
BTC Exchange,385cR5DM96n1HvBDMzLHPYcw89fZAXULJP,12.254924929999998
BTC Exchange,3DVJfEsDTPkGDvqPCLC41X85L1B1DQWDyh,251.44774604
BTC Exchange,3KTeq879YjzhqkAXzZmdapJAVC6qz5qEth,600.0
BTC Exchange,1ERUJAp2izGN47noZTPYF3GMRHfo2icmr1,32.380764
BTC Exchange,1MDq7zyLw6oKichbFiDDZ3aaK59byc6CT8,5041.25114
BTC Exchange,36KAwNUR8VeLpUfGwdk7LEN6F4yvoRWMjn,222.23884456
BTC Exchange,3KTeq879YjzhqkAXzZmdapJAVC6qz5qEth,952.2309
BTC Exchange,bc1qxmmt920rqnd9238t6qw98ld3jm2vfq5fgr4v2x,98.00245928999993
BTC Exchange,1Cr7EjvS8C7gfarREHCvFhd9gT3r46pfLb,5001.0
BTC Exchange,36KAwNUR8VeLpUfGwdk7LEN6F4yvoRWMjn,382.69337679
BTC Exchange,3ArokeDnjU1vk4dVwUQwG8G72xdToCRcsR,0.00858812
bc1qfd9wg4eh4ey7ar9my04xk67mxf7rax8nkuwqjqwpttkcqj6wqkcq3kpx98,BTC Exchange,15.7693984
14vbdGfYS7UKMvc4334UZDvTMPFA2G7zCB,BTC Exchange,450.0
BTC Exchange,14vbdGfYS7UKMvc4334UZDvTMPFA2G7zCB,2.87880603
BTC Exchange,1BxgwUXszgVMrs9ZSfdcGLqne2vMYaW8jf,1900.0
BTC Exchange,1DwSAnZw4Gk9FotgWZhRb3Nzqi4PLdU8M,1743.46830297
BTC Exchange,1FqM3gyBgLxBrvg6Kx1R33Qs8jsLRGprgf,1900.0
BTC Exchange,1J1F3U7gHrCjsEsRimDJ3oYBiV24wA8FuV,26.910049230000006
BTC Exchange,1JKDzFHcb6KBybKSquvMw1FrxXhvBdMiB5,1290.01053861
BTC Exchange,1K8QG4fuswaWFZ2fmmuxVKaWibi9H95iGw,1052.02410426
BTC Exchange,1Ny6TcisB7F2Njjw8Jwi4x4yjsyRfLEQ15,11.669755440000001
BTC Exchange,35hK24tcLEWcgNA4JxpvbkNkoAcDGqQPsP,1.9103868999999996
BTC Exchange,38UmuUqPCrFmQo4khkomQwZ4VbY2nZMJ67,0.17417354000000002
BTC Exchange,3KTeq879YjzhqkAXzZmdapJAVC6qz5qEth,500.0
bc1qfd9wg4eh4ey7ar9my04xk67mxf7rax8nkuwqjqwpttkcqj6wqkcq3kpx98,BTC Exchange,32.15912000000001
1DWxysF7GPRYGShNxL5ux2N2JLRa9rbE6k,BTC Exchange,260.0
BTC Exchange,12Ze14vvoMxEAijZcJVCTG8uzcPB8TSTrs,164.997689
BTC Exchange,1J1F3U7gHrCjsEsRimDJ3oYBiV24wA8FuV,134.04567955
BTC Exchange,1JECFWTZsRw65y65DEVR2djXv2KMYfuo7A,135.04955450000003
BTC Exchange,1JKDzFHcb6KBybKSquvMw1FrxXhvBdMiB5,907.7569369
BTC Exchange,1Mt6STNGoHGuDziUSCagqTGNGrbDFSBxRn,73.26431814
bc1qfd9wg4eh4ey7ar9my04xk67mxf7rax8nkuwqjqwpttkcqj6wqkcq3kpx98,BTC Exchange,13.02313
3PBHZqahLuSjcyE6kBcesFT2DzgAQmzYoW,BTC Exchange,5.35
BTC Exchange,1LhGPB4qCaQvup5xpfoeyzoKwjxUDodmDK,2.4646211900000004
BTC Exchange,3KTeq879YjzhqkAXzZmdapJAVC6qz5qEth,60.0
BTC Exchange,bc1qzxddlq3ke6mknyzh949nslx68dl705sgusn40rpw6ngrlq202twssl4umm,6491.9946
bc1qfd9wg4eh4ey7ar9my04xk67mxf7rax8nkuwqjqwpttkcqj6wqkcq3kpx98,BTC Exchange,10.13963
1aXzEKiDJKzkPxTZy9zGc3y1nCDwDPub2,BTC Exchange,43.4019
BTC Exchange,1361wC48gW19mKAJmAkdXScLZKYdXgViS9,184.95797911
BTC Exchange,147sPaNaqeyQp8GS2oAUajhb9d4PZ9xAv9,70.05372154999999
BTC Exchange,14Ngt4akcnVgaoAMxoMqz9rPcP3bYsGbbM,26.47522672
BTC Exchange,19RtRzXV5px91eMbWZFCWLZRUeQX5XxxnJ,296.12762673000003
BTC Exchange,19tiUa9nsPTgaqWNHaM9QyCfv4Wm9dVeYa,31.470907279999995
BTC Exchange,1DWxysF7GPRYGShNxL5ux2N2JLRa9rbE6k,884.9894330000001
BTC Exchange,1FZcb6BU1ZbHQJcby7vDF2Na1z9UmkGSSG,514.3346796
BTC Exchange,1JFUG5K3HidvfJD4R7nKyDJikmFpPcBB2,618.87506294
BTC Exchange,1M14kQL3zfyEAHx6JCM3gsZyAxyiSDMWdp,110.12501213
BTC Exchange,34xp4vRoCGJym3xR7yCVPFHoCNxv4Twseo,0.08021961
BTC Exchange,3ArokeDnjU1vk4dVwUQwG8G72xdToCRcsR,99.99966800000001
BTC Exchange,bc1qww95hxxsm469pjt83qnxfqvfur38hdlpsfksrhtt2y6kjqst5mzszhv4z7,394.0
bc1qfd9wg4eh4ey7ar9my04xk67mxf7rax8nkuwqjqwpttkcqj6wqkcq3kpx98,BTC Exchange,15.0
14m3sd9HCCFJW4LymahJCKMabAxTK4DAqW,BTC Exchange,20.0
35NNpWEMBrZ3Fpw9jifj5E4Z8p7HDzG4xA,BTC Exchange,399.0
BTC Exchange,14Ngt4akcnVgaoAMxoMqz9rPcP3bYsGbbM,911.91513
BTC Exchange,1DWxysF7GPRYGShNxL5ux2N2JLRa9rbE6k,127.61473726999994
bc1qfd9wg4eh4ey7ar9my04xk67mxf7rax8nkuwqjqwpttkcqj6wqkcq3kpx98,BTC Exchange,15.00466
BTC Exchange,1J1F3U7gHrCjsEsRimDJ3oYBiV24wA8FuV,4.6335587399999945
BTC Exchange,bc1qvpgyac88vqtslewxu7yu9dqwp8rd83zch55zpm3xgn3mgg72w3kqv0s8qa,200.0
bc1qfd9wg4eh4ey7ar9my04xk67mxf7rax8nkuwqjqwpttkcqj6wqkcq3kpx98,BTC Exchange,11.06516
3BMEXxSMT2b2kvsnC4Q35d2kKJZ4u9bSLh,BTC Exchange,100.28
3PBHZqahLuSjcyE6kBcesFT2DzgAQmzYoW,BTC Exchange,18.0
BTC Exchange,14Ngt4akcnVgaoAMxoMqz9rPcP3bYsGbbM,409.99911099999997
BTC Exchange,31k2z8HocUWMCMXBkXREPiXNgK2fB3iLwo,1000.0
385cR5DM96n1HvBDMzLHPYcw89fZAXULJP,BTC Exchange,1000.0
3PBHZqahLuSjcyE6kBcesFT2DzgAQmzYoW,BTC Exchange,97.767
BTC Exchange,12Ze14vvoMxEAijZcJVCTG8uzcPB8TSTrs,57.13875590000001
BTC Exchange,1FTvwrv3zDfF6JnWEukYN1BKQkd3W56ew1,114.18770195
BTC Exchange,1fw4PbvZXdzbKo5WD3hdSvqKDze3g4HHe,57.13875590000001
BTC Exchange,3BMEXxSMT2b2kvsnC4Q35d2kKJZ4u9bSLh,500.0
BTC Exchange,3QB2qhnj5Xxwhh3GKcfwQDSkL91BCCn5cp,399.9895868900003
BTC Exchange,bc1qvpgyac88vqtslewxu7yu9dqwp8rd83zch55zpm3xgn3mgg72w3kqv0s8qa,2499.9982
1DWxysF7GPRYGShNxL5ux2N2JLRa9rbE6k,BTC Exchange,20.0
1fw4PbvZXdzbKo5WD3hdSvqKDze3g4HHe,BTC Exchange,31.1968
BTC Exchange,1MJZLeLbsoSf2kuDr5gAX3QE93BvhvqkCC,2689.1341804400004
BTC Exchange,1P5ZEDWTKTFGxQjZphgWPQUpe554WKDfHQ,1670.63876
BTC Exchange,36KAwNUR8VeLpUfGwdk7LEN6F4yvoRWMjn,13.180603
BTC Exchange,bc1qvpgyac88vqtslewxu7yu9dqwp8rd83zch55zpm3xgn3mgg72w3kqv0s8qa,790.0
bc1qfd9wg4eh4ey7ar9my04xk67mxf7rax8nkuwqjqwpttkcqj6wqkcq3kpx98,BTC Exchange,35.02105
1DWxysF7GPRYGShNxL5ux2N2JLRa9rbE6k,BTC Exchange,185.0
BTC Exchange,1DWxysF7GPRYGShNxL5ux2N2JLRa9rbE6k,0.8823094200000001
BTC Exchange,1FXHxbZ8HiGDCUrkainA9RKzqfHHkGi1hu,621.48679406
BTC Exchange,1P5ZEDWTKTFGxQjZphgWPQUpe554WKDfHQ,1222.5313100000003
BTC Exchange,36KAwNUR8VeLpUfGwdk7LEN6F4yvoRWMjn,54.92766816
BTC Exchange,3ETUmNhL2JuCFFVNSpk8Bqx2eorxyP9FVh,777.84699
BTC Exchange,bc1qqn4q5yv7feltnsfwzxwm3fluryqqzhhp6457h6m4ytq7mauxlxgq872p5f,271.99999999999994
BTC Exchange,bc1qvpgyac88vqtslewxu7yu9dqwp8rd83zch55zpm3xgn3mgg72w3kqv0s8qa,1000.0
bc1qfd9wg4eh4ey7ar9my04xk67mxf7rax8nkuwqjqwpttkcqj6wqkcq3kpx98,BTC Exchange,132.019243
bc1qt4h06ssqtwncv5rtf8c8v53emwmvr9j5peq9quj9vf0jzu2egnxqpesxny,BTC Exchange,2823.0
1HXNiCiR3ubLckQ2EsaYxmHVUKTxHTi3QC,BTC Exchange,0.40285453000000004
BTC Exchange,1DWxysF7GPRYGShNxL5ux2N2JLRa9rbE6k,234.999214
BTC Exchange,1LhGPB4qCaQvup5xpfoeyzoKwjxUDodmDK,4552.937
BTC Exchange,36KAwNUR8VeLpUfGwdk7LEN6F4yvoRWMjn,0.18275017
BTC Exchange,3ETUmNhL2JuCFFVNSpk8Bqx2eorxyP9FVh,33.068782999999996
BTC Exchange,bc1qvpgyac88vqtslewxu7yu9dqwp8rd83zch55zpm3xgn3mgg72w3kqv0s8qa,1666.0
bc1qfd9wg4eh4ey7ar9my04xk67mxf7rax8nkuwqjqwpttkcqj6wqkcq3kpx98,BTC Exchange,20.303913
BTC Exchange,36KAwNUR8VeLpUfGwdk7LEN6F4yvoRWMjn,1.9544407999999998
BTC Exchange,3BMEXxSMT2b2kvsnC4Q35d2kKJZ4u9bSLh,500.0
bc1qfd9wg4eh4ey7ar9my04xk67mxf7rax8nkuwqjqwpttkcqj6wqkcq3kpx98,BTC Exchange,39.38295
1DWxysF7GPRYGShNxL5ux2N2JLRa9rbE6k,BTC Exchange,120.0
1LQZz1EfxGRFedd7CNumFFeGPRvc4DH34v,BTC Exchange,1.6812539
1aXzEKiDJKzkPxTZy9zGc3y1nCDwDPub2,BTC Exchange,0.00336
BTC Exchange,35ULMyVnFoYaPaMxwHTRmaGdABpAThM4QR,0.02584619
BTC Exchange,36KAwNUR8VeLpUfGwdk7LEN6F4yvoRWMjn,19.306695669999993
BTC Exchange,3DVJfEsDTPkGDvqPCLC41X85L1B1DQWDyh,1784.3936318500002
3BT3JFq8MGHK4YzsXfFWmEZ3bupJ1Cmgp8,BTC Exchange,0.00814619
BTC Exchange,12Ze14vvoMxEAijZcJVCTG8uzcPB8TSTrs,27.480958
BTC Exchange,1LhGPB4qCaQvup5xpfoeyzoKwjxUDodmDK,7.666437099999999
BTC Exchange,3DVJfEsDTPkGDvqPCLC41X85L1B1DQWDyh,2751.47563884
BTC Exchange,bc1qqn4q5yv7feltnsfwzxwm3fluryqqzhhp6457h6m4ytq7mauxlxgq872p5f,130.0
BTC Exchange,bc1qww95hxxsm469pjt83qnxfqvfur38hdlpsfksrhtt2y6kjqst5mzszhv4z7,708.0
bc1qfd9wg4eh4ey7ar9my04xk67mxf7rax8nkuwqjqwpttkcqj6wqkcq3kpx98,BTC Exchange,21.34518
3BT3JFq8MGHK4YzsXfFWmEZ3bupJ1Cmgp8,BTC Exchange,237.89987453000006
3ETUmNhL2JuCFFVNSpk8Bqx2eorxyP9FVh,BTC Exchange,50.41
3N1xWnCNpWJchpC4YckeimkXRyYA7M2iks,BTC Exchange,1001.0
BTC Exchange,1LQZz1EfxGRFedd7CNumFFeGPRvc4DH34v,2.83973306
BTC Exchange,1MJZLeLbsoSf2kuDr5gAX3QE93BvhvqkCC,2693.0720224999973
BTC Exchange,3BT3JFq8MGHK4YzsXfFWmEZ3bupJ1Cmgp8,1156.0567682800008
BTC Exchange,3DVJfEsDTPkGDvqPCLC41X85L1B1DQWDyh,250.01
BTC Exchange,bc1qzxddlq3ke6mknyzh949nslx68dl705sgusn40rpw6ngrlq202twssl4umm,200.0
1JjKam5jq5FhrQkP39U7NrTCLbikL84iiJ,BTC Exchange,3000.01
1P5ZEDWTKTFGxQjZphgWPQUpe554WKDfHQ,BTC Exchange,3000.0
BTC Exchange,3ArokeDnjU1vk4dVwUQwG8G72xdToCRcsR,0.009732230000000001
bc1qfd9wg4eh4ey7ar9my04xk67mxf7rax8nkuwqjqwpttkcqj6wqkcq3kpx98,BTC Exchange,14.02215
bc1qlqpjx7rpl8rtnm09g4hnupp6dtvldhdqxyk03la4s5rzawjvgzws0hqmm5,BTC Exchange,1000.0
bc1qt4h06ssqtwncv5rtf8c8v53emwmvr9j5peq9quj9vf0jzu2egnxqpesxny,BTC Exchange,9450.0
1P5ZEDWTKTFGxQjZphgWPQUpe554WKDfHQ,BTC Exchange,9700.0
3ETUmNhL2JuCFFVNSpk8Bqx2eorxyP9FVh,BTC Exchange,220.9968
3PBHZqahLuSjcyE6kBcesFT2DzgAQmzYoW,BTC Exchange,100.0
BTC Exchange,bc1qt4h06ssqtwncv5rtf8c8v53emwmvr9j5peq9quj9vf0jzu2egnxqpesxny,2990.0
bc1qfd9wg4eh4ey7ar9my04xk67mxf7rax8nkuwqjqwpttkcqj6wqkcq3kpx98,BTC Exchange,225.34398000000002
BTC Exchange,bc1qqn4q5yv7feltnsfwzxwm3fluryqqzhhp6457h6m4ytq7mauxlxgq872p5f,62.0
BTC Exchange,bc1qt4h06ssqtwncv5rtf8c8v53emwmvr9j5peq9quj9vf0jzu2egnxqpesxny,2060.0
1BxgwUXszgVMrs9ZSfdcGLqne2vMYaW8jf,BTC Exchange,62.789104
1CDCroskTxZ5kxqapDAkR8LJhs83gHuqAC,BTC Exchange,100.0
3BMEXxSMT2b2kvsnC4Q35d2kKJZ4u9bSLh,BTC Exchange,87.5
BTC Exchange,1BxgwUXszgVMrs9ZSfdcGLqne2vMYaW8jf,0.006
BTC Exchange,1JCozFUFS5TBAAbnrr9jRWDVQURo2kGeRq,5.774494069999999
BTC Exchange,bc1qqn4q5yv7feltnsfwzxwm3fluryqqzhhp6457h6m4ytq7mauxlxgq872p5f,150.0
BTC Exchange,bc1qt4h06ssqtwncv5rtf8c8v53emwmvr9j5peq9quj9vf0jzu2egnxqpesxny,1878.0
3M3dFhFfHWa2YnWMGcjUG3k1XgizKEv34J,BTC Exchange,1100.0
BTC Exchange,35ULMyVnFoYaPaMxwHTRmaGdABpAThM4QR,0.01308251
BTC Exchange,3BMEXxSMT2b2kvsnC4Q35d2kKJZ4u9bSLh,590.0
BTC Exchange,3DVJfEsDTPkGDvqPCLC41X85L1B1DQWDyh,250.0635462
BTC Exchange,bc1qt4h06ssqtwncv5rtf8c8v53emwmvr9j5peq9quj9vf0jzu2egnxqpesxny,1070.0
BTC Exchange,bc1qvpgyac88vqtslewxu7yu9dqwp8rd83zch55zpm3xgn3mgg72w3kqv0s8qa,818.0
BTC Exchange,bc1qzxddlq3ke6mknyzh949nslx68dl705sgusn40rpw6ngrlq202twssl4umm,150.0
bc1qfd9wg4eh4ey7ar9my04xk67mxf7rax8nkuwqjqwpttkcqj6wqkcq3kpx98,BTC Exchange,18.46668
3BMEXxSMT2b2kvsnC4Q35d2kKJZ4u9bSLh,BTC Exchange,91.99906
BTC Exchange,12Ze14vvoMxEAijZcJVCTG8uzcPB8TSTrs,20.312717000000003
BTC Exchange,1DWxysF7GPRYGShNxL5ux2N2JLRa9rbE6k,5.5295315
BTC Exchange,1J1F3U7gHrCjsEsRimDJ3oYBiV24wA8FuV,45.46060304000001
BTC Exchange,1LQZz1EfxGRFedd7CNumFFeGPRvc4DH34v,100.10632048999999
BTC Exchange,1NRvGNx72TJAw6eJrFxpz7mdxQfxNSBdkk,75.39368038999999
BTC Exchange,3KTeq879YjzhqkAXzZmdapJAVC6qz5qEth,699.99963
BTC Exchange,bc1qt4h06ssqtwncv5rtf8c8v53emwmvr9j5peq9quj9vf0jzu2egnxqpesxny,1207.0
BTC Exchange,bc1qvpgyac88vqtslewxu7yu9dqwp8rd83zch55zpm3xgn3mgg72w3kqv0s8qa,807.0
BTC Exchange,bc1qzxddlq3ke6mknyzh949nslx68dl705sgusn40rpw6ngrlq202twssl4umm,400.0
bc1qfd9wg4eh4ey7ar9my04xk67mxf7rax8nkuwqjqwpttkcqj6wqkcq3kpx98,BTC Exchange,12.04945
14m3sd9HCCFJW4LymahJCKMabAxTK4DAqW,BTC Exchange,500.0
3Mf1tGQVx5JmpDY1Rs1TocRiE5wG4Pekn1,BTC Exchange,70.54835500000002
3PBHZqahLuSjcyE6kBcesFT2DzgAQmzYoW,BTC Exchange,433.9312
BTC Exchange,1FTvwrv3zDfF6JnWEukYN1BKQkd3W56ew1,1.95473828
BTC Exchange,1LQZz1EfxGRFedd7CNumFFeGPRvc4DH34v,3.1954342399999995
BTC Exchange,1NRvGNx72TJAw6eJrFxpz7mdxQfxNSBdkk,2.0274388300000004
BTC Exchange,3DVJfEsDTPkGDvqPCLC41X85L1B1DQWDyh,101.24764304
BTC Exchange,bc1qvpgyac88vqtslewxu7yu9dqwp8rd83zch55zpm3xgn3mgg72w3kqv0s8qa,760.0
1P5ZEDWTKTFGxQjZphgWPQUpe554WKDfHQ,BTC Exchange,1500.0
3AXHUcAmZV6CcGWWx2fLG4y3iussx3rs2m,BTC Exchange,9.744993730000001
BTC Exchange,1LQZz1EfxGRFedd7CNumFFeGPRvc4DH34v,10.433571039999999
BTC Exchange,1NRvGNx72TJAw6eJrFxpz7mdxQfxNSBdkk,1.7321110200000005
BTC Exchange,3AXHUcAmZV6CcGWWx2fLG4y3iussx3rs2m,82.68414762
BTC Exchange,3BMEXxSMT2b2kvsnC4Q35d2kKJZ4u9bSLh,500.0
BTC Exchange,3KTeq879YjzhqkAXzZmdapJAVC6qz5qEth,550.0
BTC Exchange,bc1qqn4q5yv7feltnsfwzxwm3fluryqqzhhp6457h6m4ytq7mauxlxgq872p5f,75.0
BTC Exchange,bc1qvpgyac88vqtslewxu7yu9dqwp8rd83zch55zpm3xgn3mgg72w3kqv0s8qa,1230.0
BTC Exchange,bc1qzxddlq3ke6mknyzh949nslx68dl705sgusn40rpw6ngrlq202twssl4umm,200.00521092
bc1qfd9wg4eh4ey7ar9my04xk67mxf7rax8nkuwqjqwpttkcqj6wqkcq3kpx98,BTC Exchange,15.0
bc1qww95hxxsm469pjt83qnxfqvfur38hdlpsfksrhtt2y6kjqst5mzszhv4z7,BTC Exchange,800.0
124YoiaSaUssbBeP5RukbSN9Evc3UJfwPj,BTC Exchange,21.375932940000006
1LQZz1EfxGRFedd7CNumFFeGPRvc4DH34v,BTC Exchange,50.56095476000001
38gfemn6Ps54si7KeYZrPX3uLpiseuP7sX,BTC Exchange,23.02
3BMEXxSMT2b2kvsnC4Q35d2kKJZ4u9bSLh,BTC Exchange,120.0
3PBHZqahLuSjcyE6kBcesFT2DzgAQmzYoW,BTC Exchange,132.148
BTC Exchange,3BMEXxSMT2b2kvsnC4Q35d2kKJZ4u9bSLh,528.65097
BTC Exchange,3DVJfEsDTPkGDvqPCLC41X85L1B1DQWDyh,100.79045364999999
BTC Exchange,3LYJfcfHPXYJreMsASk2jkn69LWEYKzexb,17199.998
BTC Exchange,bc1qvpgyac88vqtslewxu7yu9dqwp8rd83zch55zpm3xgn3mgg72w3kqv0s8qa,1100.0
BTC Exchange,bc1qww95hxxsm469pjt83qnxfqvfur38hdlpsfksrhtt2y6kjqst5mzszhv4z7,562.0
124YoiaSaUssbBeP5RukbSN9Evc3UJfwPj,BTC Exchange,22.398289550000005
3ArokeDnjU1vk4dVwUQwG8G72xdToCRcsR,BTC Exchange,300.0
3BMEXxSMT2b2kvsnC4Q35d2kKJZ4u9bSLh,BTC Exchange,300.0
BTC Exchange,35ULMyVnFoYaPaMxwHTRmaGdABpAThM4QR,0.03632937
BTC Exchange,3BMEXxSMT2b2kvsnC4Q35d2kKJZ4u9bSLh,500.0
BTC Exchange,bc1qzxddlq3ke6mknyzh949nslx68dl705sgusn40rpw6ngrlq202twssl4umm,300.0
bc1qfd9wg4eh4ey7ar9my04xk67mxf7rax8nkuwqjqwpttkcqj6wqkcq3kpx98,BTC Exchange,20.213559999999998
124YoiaSaUssbBeP5RukbSN9Evc3UJfwPj,BTC Exchange,20.275553009999996
14m3sd9HCCFJW4LymahJCKMabAxTK4DAqW,BTC Exchange,1000.0
BTC Exchange,bc1qqn4q5yv7feltnsfwzxwm3fluryqqzhhp6457h6m4ytq7mauxlxgq872p5f,160.0
BTC Exchange,bc1qvpgyac88vqtslewxu7yu9dqwp8rd83zch55zpm3xgn3mgg72w3kqv0s8qa,1100.0
BTC Exchange,bc1qzxddlq3ke6mknyzh949nslx68dl705sgusn40rpw6ngrlq202twssl4umm,250.0
124YoiaSaUssbBeP5RukbSN9Evc3UJfwPj,BTC Exchange,22.197460380000003
1E48nLcPqreDQeVacGp3DCtntzAUEQDGfm,BTC Exchange,1000.0
1LQZz1EfxGRFedd7CNumFFeGPRvc4DH34v,BTC Exchange,9.8988086
1P5ZEDWTKTFGxQjZphgWPQUpe554WKDfHQ,BTC Exchange,1500.0
3AXHUcAmZV6CcGWWx2fLG4y3iussx3rs2m,BTC Exchange,245.2396
3BMEXxSMT2b2kvsnC4Q35d2kKJZ4u9bSLh,BTC Exchange,100.0
BTC Exchange,1J1F3U7gHrCjsEsRimDJ3oYBiV24wA8FuV,49.194277960000015
BTC Exchange,1P5ZEDWTKTFGxQjZphgWPQUpe554WKDfHQ,0.025
BTC Exchange,35ULMyVnFoYaPaMxwHTRmaGdABpAThM4QR,9.78604
BTC Exchange,3DVJfEsDTPkGDvqPCLC41X85L1B1DQWDyh,387.12122257
BTC Exchange,bc1qt4h06ssqtwncv5rtf8c8v53emwmvr9j5peq9quj9vf0jzu2egnxqpesxny,1930.0
bc1qfd9wg4eh4ey7ar9my04xk67mxf7rax8nkuwqjqwpttkcqj6wqkcq3kpx98,BTC Exchange,33.613550000000004
bc1qt4h06ssqtwncv5rtf8c8v53emwmvr9j5peq9quj9vf0jzu2egnxqpesxny,BTC Exchange,659.9998
124YoiaSaUssbBeP5RukbSN9Evc3UJfwPj,BTC Exchange,23.050005530000007
1PNkzoSzRgMEZusn62vR4SJsFci18gP46C,BTC Exchange,1500.0
3ArokeDnjU1vk4dVwUQwG8G72xdToCRcsR,BTC Exchange,300.0
3Kzh9qAqVWQhEsfQz7zEQL1EuSx5tyNLNS,BTC Exchange,250.0
BTC Exchange,12Ze14vvoMxEAijZcJVCTG8uzcPB8TSTrs,27.290556
BTC Exchange,1J1F3U7gHrCjsEsRimDJ3oYBiV24wA8FuV,12.278909290000005
BTC Exchange,38gfemn6Ps54si7KeYZrPX3uLpiseuP7sX,42.32
BTC Exchange,3DVJfEsDTPkGDvqPCLC41X85L1B1DQWDyh,201.44125942
BTC Exchange,3Kzh9qAqVWQhEsfQz7zEQL1EuSx5tyNLNS,1751.88629992
BTC Exchange,bc1qt4h06ssqtwncv5rtf8c8v53emwmvr9j5peq9quj9vf0jzu2egnxqpesxny,1480.0
124YoiaSaUssbBeP5RukbSN9Evc3UJfwPj,BTC Exchange,22.5622788
1LQZz1EfxGRFedd7CNumFFeGPRvc4DH34v,BTC Exchange,59.31355
3BMEXxSMT2b2kvsnC4Q35d2kKJZ4u9bSLh,BTC Exchange,10.0
BTC Exchange,1DWxysF7GPRYGShNxL5ux2N2JLRa9rbE6k,0.09682502
BTC Exchange,3BMEXxSMT2b2kvsnC4Q35d2kKJZ4u9bSLh,880.0
BTC Exchange,3KTeq879YjzhqkAXzZmdapJAVC6qz5qEth,301.0
BTC Exchange,3Kzh9qAqVWQhEsfQz7zEQL1EuSx5tyNLNS,1501.28756874
BTC Exchange,bc1qfd9wg4eh4ey7ar9my04xk67mxf7rax8nkuwqjqwpttkcqj6wqkcq3kpx98,15.00220662
bc1qfd9wg4eh4ey7ar9my04xk67mxf7rax8nkuwqjqwpttkcqj6wqkcq3kpx98,BTC Exchange,17.7797313
124YoiaSaUssbBeP5RukbSN9Evc3UJfwPj,BTC Exchange,22.501738979999995
1BxgwUXszgVMrs9ZSfdcGLqne2vMYaW8jf,BTC Exchange,350.0
1DWxysF7GPRYGShNxL5ux2N2JLRa9rbE6k,BTC Exchange,17.356460000000002
1FqM3gyBgLxBrvg6Kx1R33Qs8jsLRGprgf,BTC Exchange,350.0
1PNkzoSzRgMEZusn62vR4SJsFci18gP46C,BTC Exchange,499.99
BTC Exchange,34xp4vRoCGJym3xR7yCVPFHoCNxv4Twseo,0.07651888000000001
BTC Exchange,3DVJfEsDTPkGDvqPCLC41X85L1B1DQWDyh,201.68827564
BTC Exchange,3Kzh9qAqVWQhEsfQz7zEQL1EuSx5tyNLNS,752.37953522
BTC Exchange,bc1qqn4q5yv7feltnsfwzxwm3fluryqqzhhp6457h6m4ytq7mauxlxgq872p5f,100.0
bc1qfd9wg4eh4ey7ar9my04xk67mxf7rax8nkuwqjqwpttkcqj6wqkcq3kpx98,BTC Exchange,15.16213
bc1qww95hxxsm469pjt83qnxfqvfur38hdlpsfksrhtt2y6kjqst5mzszhv4z7,BTC Exchange,850.0
124YoiaSaUssbBeP5RukbSN9Evc3UJfwPj,BTC Exchange,25.17392750999999
15DzxWRD5kzGHiUD6hyjfVLiMC3u8A9RUS,BTC Exchange,503.40241226
1DWxysF7GPRYGShNxL5ux2N2JLRa9rbE6k,BTC Exchange,83.15394599999999
35hK24tcLEWcgNA4JxpvbkNkoAcDGqQPsP,BTC Exchange,0.00417718
3BMEXxSMT2b2kvsnC4Q35d2kKJZ4u9bSLh,BTC Exchange,1000.0
3Kzh9qAqVWQhEsfQz7zEQL1EuSx5tyNLNS,BTC Exchange,1000.0
BTC Exchange,38gfemn6Ps54si7KeYZrPX3uLpiseuP7sX,81.0
BTC Exchange,3BMEXxSMT2b2kvsnC4Q35d2kKJZ4u9bSLh,410.0
BTC Exchange,3Kzh9qAqVWQhEsfQz7zEQL1EuSx5tyNLNS,654.29082156
bc1qfd9wg4eh4ey7ar9my04xk67mxf7rax8nkuwqjqwpttkcqj6wqkcq3kpx98,BTC Exchange,70.23677823000001
124YoiaSaUssbBeP5RukbSN9Evc3UJfwPj,BTC Exchange,21.048232930000005
BTC Exchange,3Kzh9qAqVWQhEsfQz7zEQL1EuSx5tyNLNS,251.08200018
bc1qfd9wg4eh4ey7ar9my04xk67mxf7rax8nkuwqjqwpttkcqj6wqkcq3kpx98,BTC Exchange,50.203739999999996
124YoiaSaUssbBeP5RukbSN9Evc3UJfwPj,BTC Exchange,17.24991526000001
35hK24tcLEWcgNA4JxpvbkNkoAcDGqQPsP,BTC Exchange,0.02397784
3AXHUcAmZV6CcGWWx2fLG4y3iussx3rs2m,BTC Exchange,159.35041999999999
3BMEXxSMT2b2kvsnC4Q35d2kKJZ4u9bSLh,BTC Exchange,23.15746
3Kzh9qAqVWQhEsfQz7zEQL1EuSx5tyNLNS,BTC Exchange,1750.0
BTC Exchange,3ArokeDnjU1vk4dVwUQwG8G72xdToCRcsR,0.00912008
BTC Exchange,bc1qt4h06ssqtwncv5rtf8c8v53emwmvr9j5peq9quj9vf0jzu2egnxqpesxny,768.0
124YoiaSaUssbBeP5RukbSN9Evc3UJfwPj,BTC Exchange,19.457327239999994
BTC Exchange,1LQZz1EfxGRFedd7CNumFFeGPRvc4DH34v,31.77416591
BTC Exchange,bc1qvpgyac88vqtslewxu7yu9dqwp8rd83zch55zpm3xgn3mgg72w3kqv0s8qa,1480.0
bc1qfd9wg4eh4ey7ar9my04xk67mxf7rax8nkuwqjqwpttkcqj6wqkcq3kpx98,BTC Exchange,17.18483
124YoiaSaUssbBeP5RukbSN9Evc3UJfwPj,BTC Exchange,18.73858177
1DWxysF7GPRYGShNxL5ux2N2JLRa9rbE6k,BTC Exchange,250.39867999999998
3Kzh9qAqVWQhEsfQz7zEQL1EuSx5tyNLNS,BTC Exchange,500.0
BTC Exchange,1JjKam5jq5FhrQkP39U7NrTCLbikL84iiJ,3920.1655693000002
BTC Exchange,1LQZz1EfxGRFedd7CNumFFeGPRvc4DH34v,69.83361974000002
BTC Exchange,35ULMyVnFoYaPaMxwHTRmaGdABpAThM4QR,837.6982
BTC Exchange,35pgGeez3ou6ofrpjt8T7bvC9t6RrUK4p6,5.68854373
BTC Exchange,3DVJfEsDTPkGDvqPCLC41X85L1B1DQWDyh,250.34759043000003
BTC Exchange,bc1qt4h06ssqtwncv5rtf8c8v53emwmvr9j5peq9quj9vf0jzu2egnxqpesxny,1174.0
bc1qfd9wg4eh4ey7ar9my04xk67mxf7rax8nkuwqjqwpttkcqj6wqkcq3kpx98,BTC Exchange,21.02209
124YoiaSaUssbBeP5RukbSN9Evc3UJfwPj,BTC Exchange,18.10493805
19VTgHTWhM8xi32mDuCLR3kAgamRMahTu5,BTC Exchange,750.0
1DWxysF7GPRYGShNxL5ux2N2JLRa9rbE6k,BTC Exchange,98.16521
1LQZz1EfxGRFedd7CNumFFeGPRvc4DH34v,BTC Exchange,49.57035466999999
1PNkzoSzRgMEZusn62vR4SJsFci18gP46C,BTC Exchange,200.0
35pgGeez3ou6ofrpjt8T7bvC9t6RrUK4p6,BTC Exchange,765.46482741
BTC Exchange,1FqM3gyBgLxBrvg6Kx1R33Qs8jsLRGprgf,2.7824283
BTC Exchange,1Ny6TcisB7F2Njjw8Jwi4x4yjsyRfLEQ15,9.347042100000001
BTC Exchange,1P5ZEDWTKTFGxQjZphgWPQUpe554WKDfHQ,3110.8203554
BTC Exchange,35pgGeez3ou6ofrpjt8T7bvC9t6RrUK4p6,16.19263717999999
BTC Exchange,3DVJfEsDTPkGDvqPCLC41X85L1B1DQWDyh,100.13283606999998
BTC Exchange,3FupZp77ySr7jwoLYEJ9mwzJpvoNBXsBnE,15.58780841
BTC Exchange,3Kzh9qAqVWQhEsfQz7zEQL1EuSx5tyNLNS,151.54407241000004
BTC Exchange,bc1qt4h06ssqtwncv5rtf8c8v53emwmvr9j5peq9quj9vf0jzu2egnxqpesxny,3448.0
BTC Exchange,bc1qvpgyac88vqtslewxu7yu9dqwp8rd83zch55zpm3xgn3mgg72w3kqv0s8qa,820.0
bc1qgdjqv0av3q56jvd82tkdjpy7gdp9ut8tlqmgrpmv24sq90ecnvqqjwvw97,BTC Exchange,0.04493331
124YoiaSaUssbBeP5RukbSN9Evc3UJfwPj,BTC Exchange,19.205089269999988
19VTgHTWhM8xi32mDuCLR3kAgamRMahTu5,BTC Exchange,478.0
35hK24tcLEWcgNA4JxpvbkNkoAcDGqQPsP,BTC Exchange,0.04079586
35pgGeez3ou6ofrpjt8T7bvC9t6RrUK4p6,BTC Exchange,631.84213169
38gfemn6Ps54si7KeYZrPX3uLpiseuP7sX,BTC Exchange,130.5
BTC Exchange,1LQZz1EfxGRFedd7CNumFFeGPRvc4DH34v,24.433545950000006
BTC Exchange,1P5ZEDWTKTFGxQjZphgWPQUpe554WKDfHQ,1811.4946128
BTC Exchange,35ULMyVnFoYaPaMxwHTRmaGdABpAThM4QR,1706.83096
BTC Exchange,35pgGeez3ou6ofrpjt8T7bvC9t6RrUK4p6,82.96637308
BTC Exchange,3FupZp77ySr7jwoLYEJ9mwzJpvoNBXsBnE,0.47275743000000003
BTC Exchange,bc1qt4h06ssqtwncv5rtf8c8v53emwmvr9j5peq9quj9vf0jzu2egnxqpesxny,552.51
BTC Exchange,bc1qww95hxxsm469pjt83qnxfqvfur38hdlpsfksrhtt2y6kjqst5mzszhv4z7,540.0
BTC Exchange,bc1qzxddlq3ke6mknyzh949nslx68dl705sgusn40rpw6ngrlq202twssl4umm,200.0
bc1qfd9wg4eh4ey7ar9my04xk67mxf7rax8nkuwqjqwpttkcqj6wqkcq3kpx98,BTC Exchange,18.99965
124YoiaSaUssbBeP5RukbSN9Evc3UJfwPj,BTC Exchange,19.177345329999998
1LQZz1EfxGRFedd7CNumFFeGPRvc4DH34v,BTC Exchange,69.19706702
1NVuvqYpZPnWSd5Fvx15dq6u39ongzxLL2,BTC Exchange,390.0
35pgGeez3ou6ofrpjt8T7bvC9t6RrUK4p6,BTC Exchange,93.65301
385cR5DM96n1HvBDMzLHPYcw89fZAXULJP,BTC Exchange,600.0
3Kzh9qAqVWQhEsfQz7zEQL1EuSx5tyNLNS,BTC Exchange,1402.30064
BTC Exchange,1DWxysF7GPRYGShNxL5ux2N2JLRa9rbE6k,79.20915
BTC Exchange,35pgGeez3ou6ofrpjt8T7bvC9t6RrUK4p6,118.85087178999997
BTC Exchange,3AXHUcAmZV6CcGWWx2fLG4y3iussx3rs2m,0.00767044
BTC Exchange,3DVJfEsDTPkGDvqPCLC41X85L1B1DQWDyh,200.39234240000002
BTC Exchange,3FupZp77ySr7jwoLYEJ9mwzJpvoNBXsBnE,1140.0978824500003
BTC Exchange,bc1qt4h06ssqtwncv5rtf8c8v53emwmvr9j5peq9quj9vf0jzu2egnxqpesxny,1518.0
bc1qfd9wg4eh4ey7ar9my04xk67mxf7rax8nkuwqjqwpttkcqj6wqkcq3kpx98,BTC Exchange,18.05184784
124YoiaSaUssbBeP5RukbSN9Evc3UJfwPj,BTC Exchange,22.472884710000002
BTC Exchange,14ZTD3RRqMt7bUMBqz4Si9Q7nNndduehrw,3.6985336700000007
BTC Exchange,1J1F3U7gHrCjsEsRimDJ3oYBiV24wA8FuV,12.8546217
BTC Exchange,3Kzh9qAqVWQhEsfQz7zEQL1EuSx5tyNLNS,4501.04240284
BTC Exchange,bc1qqn4q5yv7feltnsfwzxwm3fluryqqzhhp6457h6m4ytq7mauxlxgq872p5f,280.0
bc1qfd9wg4eh4ey7ar9my04xk67mxf7rax8nkuwqjqwpttkcqj6wqkcq3kpx98,BTC Exchange,55.594800000000006
124YoiaSaUssbBeP5RukbSN9Evc3UJfwPj,BTC Exchange,20.668803290000003
3Kzh9qAqVWQhEsfQz7zEQL1EuSx5tyNLNS,BTC Exchange,250.0
BTC Exchange,38UmuUqPCrFmQo4khkomQwZ4VbY2nZMJ67,10001.460817669999
BTC Exchange,3Kzh9qAqVWQhEsfQz7zEQL1EuSx5tyNLNS,17901.897168509997
BTC Exchange,3MMZmbKm9ZbM2VwqcVpG98thDP5JAhgVvb,6.717248909999996
BTC Exchange,bc1qt4h06ssqtwncv5rtf8c8v53emwmvr9j5peq9quj9vf0jzu2egnxqpesxny,854.0
124YoiaSaUssbBeP5RukbSN9Evc3UJfwPj,BTC Exchange,21.90306016
1PNkzoSzRgMEZusn62vR4SJsFci18gP46C,BTC Exchange,250.0
35pgGeez3ou6ofrpjt8T7bvC9t6RrUK4p6,BTC Exchange,709.7882000000001
3Kzh9qAqVWQhEsfQz7zEQL1EuSx5tyNLNS,BTC Exchange,803.7771720000001
BTC Exchange,1DWxysF7GPRYGShNxL5ux2N2JLRa9rbE6k,1703.36656
BTC Exchange,1LQZz1EfxGRFedd7CNumFFeGPRvc4DH34v,5.83398226
BTC Exchange,3FupZp77ySr7jwoLYEJ9mwzJpvoNBXsBnE,43.62983747
BTC Exchange,3Kzh9qAqVWQhEsfQz7zEQL1EuSx5tyNLNS,2503.3120830100006
BTC Exchange,bc1qvpgyac88vqtslewxu7yu9dqwp8rd83zch55zpm3xgn3mgg72w3kqv0s8qa,1005.0
BTC Exchange,bc1qww95hxxsm469pjt83qnxfqvfur38hdlpsfksrhtt2y6kjqst5mzszhv4z7,296.12
bc1qfd9wg4eh4ey7ar9my04xk67mxf7rax8nkuwqjqwpttkcqj6wqkcq3kpx98,BTC Exchange,25.0
124YoiaSaUssbBeP5RukbSN9Evc3UJfwPj,BTC Exchange,20.475714080000003
1DWxysF7GPRYGShNxL5ux2N2JLRa9rbE6k,BTC Exchange,92.96576999999999
3FupZp77ySr7jwoLYEJ9mwzJpvoNBXsBnE,BTC Exchange,650.58050682
3Kzh9qAqVWQhEsfQz7zEQL1EuSx5tyNLNS,BTC Exchange,500.0
BTC Exchange,12Ze14vvoMxEAijZcJVCTG8uzcPB8TSTrs,122.06828800000001
BTC Exchange,1LQZz1EfxGRFedd7CNumFFeGPRvc4DH34v,90.48010710999998
BTC Exchange,1Ny6TcisB7F2Njjw8Jwi4x4yjsyRfLEQ15,122.06828800000001
BTC Exchange,1P5ZEDWTKTFGxQjZphgWPQUpe554WKDfHQ,2939.769
BTC Exchange,38gfemn6Ps54si7KeYZrPX3uLpiseuP7sX,190.0
BTC Exchange,3FupZp77ySr7jwoLYEJ9mwzJpvoNBXsBnE,0.61254609
BTC Exchange,bc1qvpgyac88vqtslewxu7yu9dqwp8rd83zch55zpm3xgn3mgg72w3kqv0s8qa,2000.0
BTC Exchange,bc1qww95hxxsm469pjt83qnxfqvfur38hdlpsfksrhtt2y6kjqst5mzszhv4z7,418.0
bc1qfd9wg4eh4ey7ar9my04xk67mxf7rax8nkuwqjqwpttkcqj6wqkcq3kpx98,BTC Exchange,20.05837
124YoiaSaUssbBeP5RukbSN9Evc3UJfwPj,BTC Exchange,19.71737623
1CbSZKUVW7YneBe15eHe9QtGpErChUxgWh,BTC Exchange,0.35800191000000003
1aXzEKiDJKzkPxTZy9zGc3y1nCDwDPub2,BTC Exchange,0.030699999999999998
38gfemn6Ps54si7KeYZrPX3uLpiseuP7sX,BTC Exchange,0.001
3Kzh9qAqVWQhEsfQz7zEQL1EuSx5tyNLNS,BTC Exchange,4500.0
BTC Exchange,1DWxysF7GPRYGShNxL5ux2N2JLRa9rbE6k,15.114842999999999
BTC Exchange,3Dhk8F6KYvMyqHN1r4kAT8t7SceK7yDjA4,148.0
BTC Exchange,3FupZp77ySr7jwoLYEJ9mwzJpvoNBXsBnE,0.11301961
BTC Exchange,bc1qvpgyac88vqtslewxu7yu9dqwp8rd83zch55zpm3xgn3mgg72w3kqv0s8qa,832.0
bc1qfd9wg4eh4ey7ar9my04xk67mxf7rax8nkuwqjqwpttkcqj6wqkcq3kpx98,BTC Exchange,71.39985
124YoiaSaUssbBeP5RukbSN9Evc3UJfwPj,BTC Exchange,20.392623500000006
1CbSZKUVW7YneBe15eHe9QtGpErChUxgWh,BTC Exchange,282.88735908
1FTvwrv3zDfF6JnWEukYN1BKQkd3W56ew1,BTC Exchange,3.0
1P8esqY9ESg9T3uyhyhjnss9tgqiyrxpKX,BTC Exchange,1.05536559
32t9pyUfVD8qqaRv8LmN7ZydUYP655F3vn,BTC Exchange,200.0
35hK24tcLEWcgNA4JxpvbkNkoAcDGqQPsP,BTC Exchange,0.02115643
35pgGeez3ou6ofrpjt8T7bvC9t6RrUK4p6,BTC Exchange,167.52469
3Dhk8F6KYvMyqHN1r4kAT8t7SceK7yDjA4,BTC Exchange,4.5
BTC Exchange,1CbSZKUVW7YneBe15eHe9QtGpErChUxgWh,4902.54172394
BTC Exchange,1FTvwrv3zDfF6JnWEukYN1BKQkd3W56ew1,3.1067852800000004
BTC Exchange,1J1F3U7gHrCjsEsRimDJ3oYBiV24wA8FuV,8.5873073
BTC Exchange,1NRvGNx72TJAw6eJrFxpz7mdxQfxNSBdkk,12.330612349999994
BTC Exchange,36KAwNUR8VeLpUfGwdk7LEN6F4yvoRWMjn,64.47085319000001
BTC Exchange,3Dhk8F6KYvMyqHN1r4kAT8t7SceK7yDjA4,35.2
BTC Exchange,3FupZp77ySr7jwoLYEJ9mwzJpvoNBXsBnE,0.51838553
bc1qfd9wg4eh4ey7ar9my04xk67mxf7rax8nkuwqjqwpttkcqj6wqkcq3kpx98,BTC Exchange,20.90789
124YoiaSaUssbBeP5RukbSN9Evc3UJfwPj,BTC Exchange,19.44608662
1Pkn52aXeEYi6EczPAW2jxLVsRrtMhSY5U,BTC Exchange,16.189757999999998
35pgGeez3ou6ofrpjt8T7bvC9t6RrUK4p6,BTC Exchange,157.67029
38gfemn6Ps54si7KeYZrPX3uLpiseuP7sX,BTC Exchange,467.999
3BMEXxSMT2b2kvsnC4Q35d2kKJZ4u9bSLh,BTC Exchange,1000.0
3Dhk8F6KYvMyqHN1r4kAT8t7SceK7yDjA4,BTC Exchange,0.00335273
BTC Exchange,1DWxysF7GPRYGShNxL5ux2N2JLRa9rbE6k,183.30366999999998
BTC Exchange,1LQZz1EfxGRFedd7CNumFFeGPRvc4DH34v,211.03412851
BTC Exchange,3BMEXxSMT2b2kvsnC4Q35d2kKJZ4u9bSLh,500.0
BTC Exchange,3Dhk8F6KYvMyqHN1r4kAT8t7SceK7yDjA4,0.56
BTC Exchange,3FupZp77ySr7jwoLYEJ9mwzJpvoNBXsBnE,0.41722114000000005
BTC Exchange,bc1qww95hxxsm469pjt83qnxfqvfur38hdlpsfksrhtt2y6kjqst5mzszhv4z7,180.0
124YoiaSaUssbBeP5RukbSN9Evc3UJfwPj,BTC Exchange,18.664581940000005
BTC Exchange,3BMEXxSMT2b2kvsnC4Q35d2kKJZ4u9bSLh,1000.0
BTC Exchange,3Dhk8F6KYvMyqHN1r4kAT8t7SceK7yDjA4,0.9
bc1qfd9wg4eh4ey7ar9my04xk67mxf7rax8nkuwqjqwpttkcqj6wqkcq3kpx98,BTC Exchange,90.81135
124YoiaSaUssbBeP5RukbSN9Evc3UJfwPj,BTC Exchange,19.123815620000002
3BMEXxSMT2b2kvsnC4Q35d2kKJZ4u9bSLh,BTC Exchange,25.9
124YoiaSaUssbBeP5RukbSN9Evc3UJfwPj,BTC Exchange,20.62047692999999
1DWxysF7GPRYGShNxL5ux2N2JLRa9rbE6k,BTC Exchange,145.58868
1Ny6TcisB7F2Njjw8Jwi4x4yjsyRfLEQ15,BTC Exchange,35.3337
3BKVyaECHNSPAgZpy72RbBWVQ76Ai4dqQV,BTC Exchange,29.83111222
3Dhk8F6KYvMyqHN1r4kAT8t7SceK7yDjA4,BTC Exchange,65.4
BTC Exchange,1NRvGNx72TJAw6eJrFxpz7mdxQfxNSBdkk,8.418610949999996
BTC Exchange,1P5ZEDWTKTFGxQjZphgWPQUpe554WKDfHQ,1325.0
BTC Exchange,35pgGeez3ou6ofrpjt8T7bvC9t6RrUK4p6,11.06482121
BTC Exchange,3FupZp77ySr7jwoLYEJ9mwzJpvoNBXsBnE,29.01338299
BTC Exchange,bc1qqn4q5yv7feltnsfwzxwm3fluryqqzhhp6457h6m4ytq7mauxlxgq872p5f,85.0
BTC Exchange,bc1qt4h06ssqtwncv5rtf8c8v53emwmvr9j5peq9quj9vf0jzu2egnxqpesxny,1500.0
bc1qfd9wg4eh4ey7ar9my04xk67mxf7rax8nkuwqjqwpttkcqj6wqkcq3kpx98,BTC Exchange,20.32758
124YoiaSaUssbBeP5RukbSN9Evc3UJfwPj,BTC Exchange,18.588847669999996
12Ze14vvoMxEAijZcJVCTG8uzcPB8TSTrs,BTC Exchange,20.5975
139kU6JAYerVkN9xWLU6fd8F5rWBa11Dik,BTC Exchange,0.32738805000000004
1C6w1SjUv7yRcWGcASAUzfTuxeKsbexBNh,BTC Exchange,0.12846995
35hK24tcLEWcgNA4JxpvbkNkoAcDGqQPsP,BTC Exchange,0.00208581
35pgGeez3ou6ofrpjt8T7bvC9t6RrUK4p6,BTC Exchange,257.03215389
38gfemn6Ps54si7KeYZrPX3uLpiseuP7sX,BTC Exchange,190.0
BTC Exchange,12Ze14vvoMxEAijZcJVCTG8uzcPB8TSTrs,9.5429859
BTC Exchange,1FXHxbZ8HiGDCUrkainA9RKzqfHHkGi1hu,432.19725438000006
BTC Exchange,1P5ZEDWTKTFGxQjZphgWPQUpe554WKDfHQ,2905.3439223
BTC Exchange,35pgGeez3ou6ofrpjt8T7bvC9t6RrUK4p6,15.795233210000003
BTC Exchange,38gfemn6Ps54si7KeYZrPX3uLpiseuP7sX,300.0041
BTC Exchange,3FupZp77ySr7jwoLYEJ9mwzJpvoNBXsBnE,0.33120121
BTC Exchange,bc1qvpgyac88vqtslewxu7yu9dqwp8rd83zch55zpm3xgn3mgg72w3kqv0s8qa,1183.0
124YoiaSaUssbBeP5RukbSN9Evc3UJfwPj,BTC Exchange,17.263845999999997
1Pkn52aXeEYi6EczPAW2jxLVsRrtMhSY5U,BTC Exchange,0.8705356900000001
1aXzEKiDJKzkPxTZy9zGc3y1nCDwDPub2,BTC Exchange,35.27161
38gfemn6Ps54si7KeYZrPX3uLpiseuP7sX,BTC Exchange,249.99972000000002
3Dhk8F6KYvMyqHN1r4kAT8t7SceK7yDjA4,BTC Exchange,7.0
BTC Exchange,1DWxysF7GPRYGShNxL5ux2N2JLRa9rbE6k,27.762379
BTC Exchange,1Pkn52aXeEYi6EczPAW2jxLVsRrtMhSY5U,8.220809789999993
BTC Exchange,35pgGeez3ou6ofrpjt8T7bvC9t6RrUK4p6,20.919930549999993
BTC Exchange,38UmuUqPCrFmQo4khkomQwZ4VbY2nZMJ67,1.57700773
BTC Exchange,3Dhk8F6KYvMyqHN1r4kAT8t7SceK7yDjA4,20.4
BTC Exchange,3FupZp77ySr7jwoLYEJ9mwzJpvoNBXsBnE,0.08690668
BTC Exchange,3Kzh9qAqVWQhEsfQz7zEQL1EuSx5tyNLNS,151.36491599999997
BTC Exchange,bc1qfd9wg4eh4ey7ar9my04xk67mxf7rax8nkuwqjqwpttkcqj6wqkcq3kpx98,12.00504904
BTC Exchange,bc1qt4h06ssqtwncv5rtf8c8v53emwmvr9j5peq9quj9vf0jzu2egnxqpesxny,2200.0
BTC Exchange,bc1qvpgyac88vqtslewxu7yu9dqwp8rd83zch55zpm3xgn3mgg72w3kqv0s8qa,840.0
124YoiaSaUssbBeP5RukbSN9Evc3UJfwPj,BTC Exchange,25.910857430000007
35pgGeez3ou6ofrpjt8T7bvC9t6RrUK4p6,BTC Exchange,5.099643
3BMEXxSMT2b2kvsnC4Q35d2kKJZ4u9bSLh,BTC Exchange,61.0
3Kzh9qAqVWQhEsfQz7zEQL1EuSx5tyNLNS,BTC Exchange,0.18122374
3R1hBCHURkquAjFUv1eH5u2gXqooJkjg4B,BTC Exchange,1.50888573
BTC Exchange,1LQZz1EfxGRFedd7CNumFFeGPRvc4DH34v,0.9986970900000001
BTC Exchange,38UmuUqPCrFmQo4khkomQwZ4VbY2nZMJ67,1.4717386100000003
BTC Exchange,3Dhk8F6KYvMyqHN1r4kAT8t7SceK7yDjA4,15.4
BTC Exchange,3FupZp77ySr7jwoLYEJ9mwzJpvoNBXsBnE,49.1792417
BTC Exchange,3N1xWnCNpWJchpC4YckeimkXRyYA7M2iks,100.0
bc1qww95hxxsm469pjt83qnxfqvfur38hdlpsfksrhtt2y6kjqst5mzszhv4z7,BTC Exchange,950.0
124YoiaSaUssbBeP5RukbSN9Evc3UJfwPj,BTC Exchange,18.795053300000006
14XKsv8tT6tt8P8mfDQZgNF8wtN5erNu5D,BTC Exchange,0.002
1Ny6TcisB7F2Njjw8Jwi4x4yjsyRfLEQ15,BTC Exchange,76.913334
1Pkn52aXeEYi6EczPAW2jxLVsRrtMhSY5U,BTC Exchange,0.03938546
38gfemn6Ps54si7KeYZrPX3uLpiseuP7sX,BTC Exchange,0.01
3PBHZqahLuSjcyE6kBcesFT2DzgAQmzYoW,BTC Exchange,124.5
BTC Exchange,14XKsv8tT6tt8P8mfDQZgNF8wtN5erNu5D,23866.162432
BTC Exchange,1DWxysF7GPRYGShNxL5ux2N2JLRa9rbE6k,1.7882792
BTC Exchange,1LQZz1EfxGRFedd7CNumFFeGPRvc4DH34v,20.76138727
BTC Exchange,1NRvGNx72TJAw6eJrFxpz7mdxQfxNSBdkk,170.83856058
BTC Exchange,1Pkn52aXeEYi6EczPAW2jxLVsRrtMhSY5U,127.53573782999997
BTC Exchange,34xp4vRoCGJym3xR7yCVPFHoCNxv4Twseo,0.07530611000000001
BTC Exchange,3Dhk8F6KYvMyqHN1r4kAT8t7SceK7yDjA4,160.86
BTC Exchange,3FupZp77ySr7jwoLYEJ9mwzJpvoNBXsBnE,0.76252621
BTC Exchange,3KTeq879YjzhqkAXzZmdapJAVC6qz5qEth,1000.0
BTC Exchange,bc1qvpgyac88vqtslewxu7yu9dqwp8rd83zch55zpm3xgn3mgg72w3kqv0s8qa,1191.0
bc1qfd9wg4eh4ey7ar9my04xk67mxf7rax8nkuwqjqwpttkcqj6wqkcq3kpx98,BTC Exchange,20.0
124YoiaSaUssbBeP5RukbSN9Evc3UJfwPj,BTC Exchange,18.50751885
BTC Exchange,1J1F3U7gHrCjsEsRimDJ3oYBiV24wA8FuV,1.5345504400000005
BTC Exchange,bc1qqn4q5yv7feltnsfwzxwm3fluryqqzhhp6457h6m4ytq7mauxlxgq872p5f,58.0
bc1qfd9wg4eh4ey7ar9my04xk67mxf7rax8nkuwqjqwpttkcqj6wqkcq3kpx98,BTC Exchange,17.05694
124YoiaSaUssbBeP5RukbSN9Evc3UJfwPj,BTC Exchange,17.857102819999998
BTC Exchange,1J1F3U7gHrCjsEsRimDJ3oYBiV24wA8FuV,221.48165148000018
BTC Exchange,36KAwNUR8VeLpUfGwdk7LEN6F4yvoRWMjn,0.50094641
BTC Exchange,3KTeq879YjzhqkAXzZmdapJAVC6qz5qEth,600.0
BTC Exchange,3Kzh9qAqVWQhEsfQz7zEQL1EuSx5tyNLNS,251.0
BTC Exchange,bc1qqn4q5yv7feltnsfwzxwm3fluryqqzhhp6457h6m4ytq7mauxlxgq872p5f,98.0
124YoiaSaUssbBeP5RukbSN9Evc3UJfwPj,BTC Exchange,18.492031919999995
1fw4PbvZXdzbKo5WD3hdSvqKDze3g4HHe,BTC Exchange,11.775864
35pgGeez3ou6ofrpjt8T7bvC9t6RrUK4p6,BTC Exchange,3.4469383000000002
3Dhk8F6KYvMyqHN1r4kAT8t7SceK7yDjA4,BTC Exchange,435.5
3ETUmNhL2JuCFFVNSpk8Bqx2eorxyP9FVh,BTC Exchange,46.118546
BTC Exchange,1DWxysF7GPRYGShNxL5ux2N2JLRa9rbE6k,9.471244
BTC Exchange,1NRvGNx72TJAw6eJrFxpz7mdxQfxNSBdkk,0.9155766
BTC Exchange,35ULMyVnFoYaPaMxwHTRmaGdABpAThM4QR,0.05294175
BTC Exchange,3FupZp77ySr7jwoLYEJ9mwzJpvoNBXsBnE,0.09323698000000001
BTC Exchange,bc1qvpgyac88vqtslewxu7yu9dqwp8rd83zch55zpm3xgn3mgg72w3kqv0s8qa,1100.0
124YoiaSaUssbBeP5RukbSN9Evc3UJfwPj,BTC Exchange,17.902758840000004
13JMfTJCnbXYRG7gwR7vmxWkbCVR4oqXsy,BTC Exchange,40.0
35pgGeez3ou6ofrpjt8T7bvC9t6RrUK4p6,BTC Exchange,1126.46165
3Dhk8F6KYvMyqHN1r4kAT8t7SceK7yDjA4,BTC Exchange,108.5
3ETUmNhL2JuCFFVNSpk8Bqx2eorxyP9FVh,BTC Exchange,66.168872
BTC Exchange,1LQZz1EfxGRFedd7CNumFFeGPRvc4DH34v,0.2889780199999999
BTC Exchange,35pgGeez3ou6ofrpjt8T7bvC9t6RrUK4p6,80.15545999999998
BTC Exchange,36KAwNUR8VeLpUfGwdk7LEN6F4yvoRWMjn,4.660417420000001
BTC Exchange,3FupZp77ySr7jwoLYEJ9mwzJpvoNBXsBnE,38.91138514
BTC Exchange,bc1qfd9wg4eh4ey7ar9my04xk67mxf7rax8nkuwqjqwpttkcqj6wqkcq3kpx98,4.0
BTC Exchange,bc1qt4h06ssqtwncv5rtf8c8v53emwmvr9j5peq9quj9vf0jzu2egnxqpesxny,1025.0
124YoiaSaUssbBeP5RukbSN9Evc3UJfwPj,BTC Exchange,26.658536869999995
1LQZz1EfxGRFedd7CNumFFeGPRvc4DH34v,BTC Exchange,29.64151726
35pgGeez3ou6ofrpjt8T7bvC9t6RrUK4p6,BTC Exchange,327.79382
3ETUmNhL2JuCFFVNSpk8Bqx2eorxyP9FVh,BTC Exchange,12.232054
3Kzh9qAqVWQhEsfQz7zEQL1EuSx5tyNLNS,BTC Exchange,250.0
BTC Exchange,18agaV9WL6JUq83657mQNCXMddztPWRLa8,0.0248426
BTC Exchange,198aMn6ZYAczwrE5NvNTUMyJ5qkfy4g3Hi,0.98070264
BTC Exchange,35pgGeez3ou6ofrpjt8T7bvC9t6RrUK4p6,16.891989520000003
BTC Exchange,3FupZp77ySr7jwoLYEJ9mwzJpvoNBXsBnE,11.72375495
BTC Exchange,bc1qqn4q5yv7feltnsfwzxwm3fluryqqzhhp6457h6m4ytq7mauxlxgq872p5f,76.0
BTC Exchange,bc1qt4h06ssqtwncv5rtf8c8v53emwmvr9j5peq9quj9vf0jzu2egnxqpesxny,734.0
BTC Exchange,bc1qww95hxxsm469pjt83qnxfqvfur38hdlpsfksrhtt2y6kjqst5mzszhv4z7,273.0
124YoiaSaUssbBeP5RukbSN9Evc3UJfwPj,BTC Exchange,24.720637569999997
35pgGeez3ou6ofrpjt8T7bvC9t6RrUK4p6,BTC Exchange,260.83263
3Dhk8F6KYvMyqHN1r4kAT8t7SceK7yDjA4,BTC Exchange,5.66582396
3ETUmNhL2JuCFFVNSpk8Bqx2eorxyP9FVh,BTC Exchange,110.80486
BTC Exchange,1LQZz1EfxGRFedd7CNumFFeGPRvc4DH34v,91.26204032999995
BTC Exchange,35ULMyVnFoYaPaMxwHTRmaGdABpAThM4QR,0.01853221
BTC Exchange,35pgGeez3ou6ofrpjt8T7bvC9t6RrUK4p6,5.86822229
BTC Exchange,38gfemn6Ps54si7KeYZrPX3uLpiseuP7sX,0.00424383
BTC Exchange,3FupZp77ySr7jwoLYEJ9mwzJpvoNBXsBnE,0.08071834
BTC Exchange,bc1qvpgyac88vqtslewxu7yu9dqwp8rd83zch55zpm3xgn3mgg72w3kqv0s8qa,2999.9996
124YoiaSaUssbBeP5RukbSN9Evc3UJfwPj,BTC Exchange,23.36471138
35pgGeez3ou6ofrpjt8T7bvC9t6RrUK4p6,BTC Exchange,471.21404789999997
BTC Exchange,1FTvwrv3zDfF6JnWEukYN1BKQkd3W56ew1,7.781086459999998
BTC Exchange,35pgGeez3ou6ofrpjt8T7bvC9t6RrUK4p6,22.858259900000004
BTC Exchange,3FupZp77ySr7jwoLYEJ9mwzJpvoNBXsBnE,0.06624068999999999
BTC Exchange,bc1qt4h06ssqtwncv5rtf8c8v53emwmvr9j5peq9quj9vf0jzu2egnxqpesxny,446.0
124YoiaSaUssbBeP5RukbSN9Evc3UJfwPj,BTC Exchange,23.86855251
3BMEXxSMT2b2kvsnC4Q35d2kKJZ4u9bSLh,BTC Exchange,20.0
3HAhWeTzbv8muscwgsgbKuVBLWF3PKC7Ds,BTC Exchange,200.0
BTC Exchange,3ArokeDnjU1vk4dVwUQwG8G72xdToCRcsR,0.00796699
124YoiaSaUssbBeP5RukbSN9Evc3UJfwPj,BTC Exchange,24.592604779999995
3GgrjWzCbcsX8p2KW23mCxEVHdpkKysE7F,BTC Exchange,1000.0
BTC Exchange,38UmuUqPCrFmQo4khkomQwZ4VbY2nZMJ67,0.14460035
BTC Exchange,3Kzh9qAqVWQhEsfQz7zEQL1EuSx5tyNLNS,7601.0180180199995
BTC Exchange,bc1qt4h06ssqtwncv5rtf8c8v53emwmvr9j5peq9quj9vf0jzu2egnxqpesxny,150.0
124YoiaSaUssbBeP5RukbSN9Evc3UJfwPj,BTC Exchange,25.17903927000001
13yhYcvXfcv2CtooRTokDm8vh897KUigtV,BTC Exchange,250.21795728
14XKsv8tT6tt8P8mfDQZgNF8wtN5erNu5D,BTC Exchange,2000.0
3Dhk8F6KYvMyqHN1r4kAT8t7SceK7yDjA4,BTC Exchange,4.3
BTC Exchange,3FupZp77ySr7jwoLYEJ9mwzJpvoNBXsBnE,0.67881635
BTC Exchange,3Kzh9qAqVWQhEsfQz7zEQL1EuSx5tyNLNS,603.5913753799999
BTC Exchange,3NWndKFmvV6cJ6ENgXVeaDTo3mBfAvr27H,50.05716225
BTC Exchange,bc1qvpgyac88vqtslewxu7yu9dqwp8rd83zch55zpm3xgn3mgg72w3kqv0s8qa,1765.0
bc1qfd9wg4eh4ey7ar9my04xk67mxf7rax8nkuwqjqwpttkcqj6wqkcq3kpx98,BTC Exchange,25.01288
bc1qww95hxxsm469pjt83qnxfqvfur38hdlpsfksrhtt2y6kjqst5mzszhv4z7,BTC Exchange,550.0
124YoiaSaUssbBeP5RukbSN9Evc3UJfwPj,BTC Exchange,23.28127349
13yhYcvXfcv2CtooRTokDm8vh897KUigtV,BTC Exchange,0.90122125
35pgGeez3ou6ofrpjt8T7bvC9t6RrUK4p6,BTC Exchange,118.76832370000001
385cR5DM96n1HvBDMzLHPYcw89fZAXULJP,BTC Exchange,500.0
38gfemn6Ps54si7KeYZrPX3uLpiseuP7sX,BTC Exchange,74.32
BTC Exchange,1P5ZEDWTKTFGxQjZphgWPQUpe554WKDfHQ,690.0
BTC Exchange,34ovCavdkQgEYbrJk9Q1onhK7uWqq6J7DC,7.379303679999999
BTC Exchange,35pgGeez3ou6ofrpjt8T7bvC9t6RrUK4p6,0.6366623300000002
BTC Exchange,3FupZp77ySr7jwoLYEJ9mwzJpvoNBXsBnE,0.59849237
BTC Exchange,3Kzh9qAqVWQhEsfQz7zEQL1EuSx5tyNLNS,156.19326141
BTC Exchange,3NWndKFmvV6cJ6ENgXVeaDTo3mBfAvr27H,70.75472280000001
BTC Exchange,bc1qvpgyac88vqtslewxu7yu9dqwp8rd83zch55zpm3xgn3mgg72w3kqv0s8qa,1265.0
124YoiaSaUssbBeP5RukbSN9Evc3UJfwPj,BTC Exchange,23.64925799
139sSpXdNypZNwcnj7PGAnRugUdS4adjTw,BTC Exchange,0.37338530000000003
3Kzh9qAqVWQhEsfQz7zEQL1EuSx5tyNLNS,BTC Exchange,1.002
3LCGsSmfr24demGvriN4e3ft8wEcDuHFqh,BTC Exchange,50.0
BTC Exchange,1LQZz1EfxGRFedd7CNumFFeGPRvc4DH34v,10.095165750000003
BTC Exchange,1b2r23TZst4C97s1ZiUUE8LhwYJwunhYH,1.9820206999999996
BTC Exchange,35pgGeez3ou6ofrpjt8T7bvC9t6RrUK4p6,40.77625891
BTC Exchange,3Dhk8F6KYvMyqHN1r4kAT8t7SceK7yDjA4,90.9
BTC Exchange,3N1xWnCNpWJchpC4YckeimkXRyYA7M2iks,3000.0
BTC Exchange,3NWndKFmvV6cJ6ENgXVeaDTo3mBfAvr27H,61.275694030000004
BTC Exchange,bc1qww95hxxsm469pjt83qnxfqvfur38hdlpsfksrhtt2y6kjqst5mzszhv4z7,252.0
bc1qfd9wg4eh4ey7ar9my04xk67mxf7rax8nkuwqjqwpttkcqj6wqkcq3kpx98,BTC Exchange,29.0
124YoiaSaUssbBeP5RukbSN9Evc3UJfwPj,BTC Exchange,24.620103029999996
1DWxysF7GPRYGShNxL5ux2N2JLRa9rbE6k,BTC Exchange,10.0
35pgGeez3ou6ofrpjt8T7bvC9t6RrUK4p6,BTC Exchange,5.7093226
3Kzh9qAqVWQhEsfQz7zEQL1EuSx5tyNLNS,BTC Exchange,0.05
3LCGsSmfr24demGvriN4e3ft8wEcDuHFqh,BTC Exchange,50.0
3NWndKFmvV6cJ6ENgXVeaDTo3mBfAvr27H,BTC Exchange,12.84078
BTC Exchange,18agaV9WL6JUq83657mQNCXMddztPWRLa8,107.58542744000002
BTC Exchange,38UmuUqPCrFmQo4khkomQwZ4VbY2nZMJ67,0.37596357
BTC Exchange,3Dhk8F6KYvMyqHN1r4kAT8t7SceK7yDjA4,19.1
BTC Exchange,3FupZp77ySr7jwoLYEJ9mwzJpvoNBXsBnE,1.82356491
BTC Exchange,3NWndKFmvV6cJ6ENgXVeaDTo3mBfAvr27H,10.96954446
BTC Exchange,bc1qvpgyac88vqtslewxu7yu9dqwp8rd83zch55zpm3xgn3mgg72w3kqv0s8qa,1910.0
BTC Exchange,bc1qzk2pyxtahg64cx6gyq02vrw65fdxtpr253r4ygww9n2w2zjyy8wsnyc666,271.0
124YoiaSaUssbBeP5RukbSN9Evc3UJfwPj,BTC Exchange,22.997822389999996
13dAxZq2hvPhfv7sDWTJkxX7rUtPdEoTBQ,BTC Exchange,100.0
3Dhk8F6KYvMyqHN1r4kAT8t7SceK7yDjA4,BTC Exchange,5.2
3ETUmNhL2JuCFFVNSpk8Bqx2eorxyP9FVh,BTC Exchange,499.82526
BTC Exchange,38UmuUqPCrFmQo4khkomQwZ4VbY2nZMJ67,0.92546004
BTC Exchange,3AXHUcAmZV6CcGWWx2fLG4y3iussx3rs2m,0.011119430000000001
BTC Exchange,3FupZp77ySr7jwoLYEJ9mwzJpvoNBXsBnE,0.04275902
BTC Exchange,3NWndKFmvV6cJ6ENgXVeaDTo3mBfAvr27H,36.661886
BTC Exchange,bc1qww95hxxsm469pjt83qnxfqvfur38hdlpsfksrhtt2y6kjqst5mzszhv4z7,485.0
BTC Exchange,bc1qzk2pyxtahg64cx6gyq02vrw65fdxtpr253r4ygww9n2w2zjyy8wsnyc666,48.0
124YoiaSaUssbBeP5RukbSN9Evc3UJfwPj,BTC Exchange,23.33548967999999
3LCGsSmfr24demGvriN4e3ft8wEcDuHFqh,BTC Exchange,30.0
BTC Exchange,3NWndKFmvV6cJ6ENgXVeaDTo3mBfAvr27H,22.2034978
BTC Exchange,bc1qvpgyac88vqtslewxu7yu9dqwp8rd83zch55zpm3xgn3mgg72w3kqv0s8qa,1425.0
BTC Exchange,bc1qzk2pyxtahg64cx6gyq02vrw65fdxtpr253r4ygww9n2w2zjyy8wsnyc666,77.0
bc1qzk2pyxtahg64cx6gyq02vrw65fdxtpr253r4ygww9n2w2zjyy8wsnyc666,BTC Exchange,150.0
124YoiaSaUssbBeP5RukbSN9Evc3UJfwPj,BTC Exchange,21.118837189999994
3NWndKFmvV6cJ6ENgXVeaDTo3mBfAvr27H,BTC Exchange,11.865333
BTC Exchange,35pgGeez3ou6ofrpjt8T7bvC9t6RrUK4p6,6.20211976
BTC Exchange,3NWndKFmvV6cJ6ENgXVeaDTo3mBfAvr27H,22.551437600000003
BTC Exchange,bc1qtw30nantkrh7y5ue73gm4mmy0zezfqxug3psr94sd967qwg7f76scfmr9p,121.62458532000002
BTC Exchange,bc1qzk2pyxtahg64cx6gyq02vrw65fdxtpr253r4ygww9n2w2zjyy8wsnyc666,203.0
bc1qfd9wg4eh4ey7ar9my04xk67mxf7rax8nkuwqjqwpttkcqj6wqkcq3kpx98,BTC Exchange,27.0
bc1qhm45cy7psm88yhu3564v7mchzxqzdx0hr5vk39,BTC Exchange,1.4594178999999998
bc1qtw30nantkrh7y5ue73gm4mmy0zezfqxug3psr94sd967qwg7f76scfmr9p,BTC Exchange,115.48
bc1qzk2pyxtahg64cx6gyq02vrw65fdxtpr253r4ygww9n2w2zjyy8wsnyc666,BTC Exchange,100.0
124YoiaSaUssbBeP5RukbSN9Evc3UJfwPj,BTC Exchange,21.69371453
1EdGpTG4Eb8Ht3zVFog3iCgCkU47NBYxAV,BTC Exchange,2999.9995
35pgGeez3ou6ofrpjt8T7bvC9t6RrUK4p6,BTC Exchange,1.2005736
3LCGsSmfr24demGvriN4e3ft8wEcDuHFqh,BTC Exchange,25.0
BTC Exchange,1DWxysF7GPRYGShNxL5ux2N2JLRa9rbE6k,59.999218000000006
BTC Exchange,1LQZz1EfxGRFedd7CNumFFeGPRvc4DH34v,21.068705020000014
BTC Exchange,1P5ZEDWTKTFGxQjZphgWPQUpe554WKDfHQ,921.0
BTC Exchange,35pgGeez3ou6ofrpjt8T7bvC9t6RrUK4p6,52.800202660000004
BTC Exchange,38UmuUqPCrFmQo4khkomQwZ4VbY2nZMJ67,1.88566779
BTC Exchange,3ArokeDnjU1vk4dVwUQwG8G72xdToCRcsR,2301.09571926
BTC Exchange,3Dhk8F6KYvMyqHN1r4kAT8t7SceK7yDjA4,85.2
BTC Exchange,3FupZp77ySr7jwoLYEJ9mwzJpvoNBXsBnE,55.10844266999999
BTC Exchange,3NWndKFmvV6cJ6ENgXVeaDTo3mBfAvr27H,59.904162899999996
BTC Exchange,bc1qzk2pyxtahg64cx6gyq02vrw65fdxtpr253r4ygww9n2w2zjyy8wsnyc666,195.0
bc1qhm45cy7psm88yhu3564v7mchzxqzdx0hr5vk39,BTC Exchange,2.1815821300000002
124YoiaSaUssbBeP5RukbSN9Evc3UJfwPj,BTC Exchange,21.783909499999996
1P5ZEDWTKTFGxQjZphgWPQUpe554WKDfHQ,BTC Exchange,0.00679985
3Dhk8F6KYvMyqHN1r4kAT8t7SceK7yDjA4,BTC Exchange,0.8
3Kzh9qAqVWQhEsfQz7zEQL1EuSx5tyNLNS,BTC Exchange,1750.0
3LCGsSmfr24demGvriN4e3ft8wEcDuHFqh,BTC Exchange,20.0
BTC Exchange,12Ze14vvoMxEAijZcJVCTG8uzcPB8TSTrs,43.267495
BTC Exchange,1FishZMR2YSmussTBMCPirja83C3d3CCTX,430.0
BTC Exchange,1P5ZEDWTKTFGxQjZphgWPQUpe554WKDfHQ,1700.504467
BTC Exchange,35pgGeez3ou6ofrpjt8T7bvC9t6RrUK4p6,222.06950208999996
BTC Exchange,38UmuUqPCrFmQo4khkomQwZ4VbY2nZMJ67,0.09457801
BTC Exchange,3NWndKFmvV6cJ6ENgXVeaDTo3mBfAvr27H,72.02272694999999
BTC Exchange,bc1qa56lzf7d05ttur003zmuzwrgl3x0qau5zm2qzn,44.07474
BTC Exchange,bc1qfd9wg4eh4ey7ar9my04xk67mxf7rax8nkuwqjqwpttkcqj6wqkcq3kpx98,50.0
BTC Exchange,bc1qzk2pyxtahg64cx6gyq02vrw65fdxtpr253r4ygww9n2w2zjyy8wsnyc666,210.0
bc1qhm45cy7psm88yhu3564v7mchzxqzdx0hr5vk39,BTC Exchange,54.555554400000005
124YoiaSaUssbBeP5RukbSN9Evc3UJfwPj,BTC Exchange,21.620001940000005
1BCEtYsVj9vYEBCWMCNVAPEJoPwVuQwit,BTC Exchange,1.58035564
1PnZrjuLngJ4Fszu5DY5ATHyAeNgT2FRvY,BTC Exchange,1000.0
38gfemn6Ps54si7KeYZrPX3uLpiseuP7sX,BTC Exchange,61.0
3Dhk8F6KYvMyqHN1r4kAT8t7SceK7yDjA4,BTC Exchange,3.9
3GgrjWzCbcsX8p2KW23mCxEVHdpkKysE7F,BTC Exchange,1000.0088
3LCGsSmfr24demGvriN4e3ft8wEcDuHFqh,BTC Exchange,84.0
3N1xWnCNpWJchpC4YckeimkXRyYA7M2iks,BTC Exchange,500.0
BTC Exchange,1DWxysF7GPRYGShNxL5ux2N2JLRa9rbE6k,6.608553
BTC Exchange,35pgGeez3ou6ofrpjt8T7bvC9t6RrUK4p6,221.9777
BTC Exchange,3FupZp77ySr7jwoLYEJ9mwzJpvoNBXsBnE,16.240335779999995
BTC Exchange,3Kzh9qAqVWQhEsfQz7zEQL1EuSx5tyNLNS,525.0
BTC Exchange,3NWndKFmvV6cJ6ENgXVeaDTo3mBfAvr27H,54.50948779
BTC Exchange,bc1qa56lzf7d05ttur003zmuzwrgl3x0qau5zm2qzn,1357.758622
BTC Exchange,bc1qvpgyac88vqtslewxu7yu9dqwp8rd83zch55zpm3xgn3mgg72w3kqv0s8qa,1950.0
BTC Exchange,bc1qzk2pyxtahg64cx6gyq02vrw65fdxtpr253r4ygww9n2w2zjyy8wsnyc666,141.0
bc1qhm45cy7psm88yhu3564v7mchzxqzdx0hr5vk39,BTC Exchange,2.9938745
bc1qzk2pyxtahg64cx6gyq02vrw65fdxtpr253r4ygww9n2w2zjyy8wsnyc666,BTC Exchange,43.0
1BCEtYsVj9vYEBCWMCNVAPEJoPwVuQwit,BTC Exchange,7.289095380000001
3Dhk8F6KYvMyqHN1r4kAT8t7SceK7yDjA4,BTC Exchange,1.0
3NWndKFmvV6cJ6ENgXVeaDTo3mBfAvr27H,BTC Exchange,24.055995000000003
BTC Exchange,3NWndKFmvV6cJ6ENgXVeaDTo3mBfAvr27H,23.758648
BTC Exchange,bc1qa56lzf7d05ttur003zmuzwrgl3x0qau5zm2qzn,124.042862
BTC Exchange,bc1qqn4q5yv7feltnsfwzxwm3fluryqqzhhp6457h6m4ytq7mauxlxgq872p5f,212.0
BTC Exchange,bc1qww95hxxsm469pjt83qnxfqvfur38hdlpsfksrhtt2y6kjqst5mzszhv4z7,270.0
bc1qwfgdjyy95aay2686fn74h6a4nu9eev6np7q4fn204dkj3274frlqrskvx0,BTC Exchange,0.22968597999999998
